Product_Name,Price,Discount,Category
Banana - Yelakki,₹24.5,42% OFF,?q=fruits&nc=as
"Orange - Nagpur, Regular",₹401.1,20% OFF,?q=fruits&nc=as
Banana - Robusta,₹46,37% OFF,?q=fruits&nc=as
"Apple - Shimla, Regular",₹278,39% OFF,?q=fruits&nc=as
Mango Badami,₹113.48,24% OFF,?q=fruits&nc=as
Kesar Mango,₹193.98,20% OFF,?q=fruits&nc=as
"Mango Alphonso, Ratnagiri",₹495.34,20% OFF,?q=fruits&nc=as
Orange - Kinnow (Loose),₹85,24% OFF,?q=fruits&nc=as
Custard Apple,₹52.05,24% OFF,?q=fruits&nc=as
Guava (Loose),₹32,55% OFF,?q=fruits&nc=as
"Banana - Yelakki, Organically Grown",₹98,44% OFF,?q=fruits&nc=as
"Banana - Robusta, Small",₹53.37,20% OFF,?q=fruits&nc=as
Strawberry,₹45,45% OFF,?q=fruits&nc=as
Banana - Raw Green (Loose),₹13,67% OFF,?q=fruits&nc=as
Banana - Nendran,₹95,49% OFF,?q=fruits&nc=as
Banana - Poovan,₹82.19,20% OFF,?q=fruits&nc=as
Banana - Red,₹177.54,20% OFF,?q=fruits&nc=as
Pear - Beauty,₹170.74,24% OFF,?q=fruits&nc=as
Banana - Karpooravalli,₹29,44% OFF,?q=fruits&nc=as
"Banana - Nendran, Organically Grown",₹121.64,20% OFF,?q=fruits&nc=as
"Apple Shimla, Small",₹101.5,41% OFF,?q=fruits&nc=as
Sugar Palm Fruit,₹105.15,24% OFF,?q=fruits&nc=as
"Banana - Robusta, Small",₹21,37% OFF,?q=fruits&nc=as
Plum - Indian,₹129.09,24% OFF,?q=fruits&nc=as
Litchi,₹97.54,20% OFF,?q=fruits&nc=as
Banana - Raw Green (Loose),₹11,33% OFF,?q=fruits&nc=as
Kiwi - Green,₹132,26% OFF,?q=fruits&nc=as
Papaya,₹71.23,20% OFF,?q=fruits&nc=as
Cherry,₹210.41,20% OFF,?q=fruits&nc=as
Cherry - Kashmir,₹295.67,24% OFF,?q=fruits&nc=as
Banana Flower (Loose),₹42.68,24% OFF,?q=fruits&nc=as
Plum - Imported,₹650.68,24% OFF,?q=fruits&nc=as
Custard Apple - Premium,₹200.93,24% OFF,?q=fruits&nc=as
Banana - Yelakki,₹55.89,20% OFF,?q=fruits&nc=as
Dasheri Mango (Malihabadi),₹104.11,20% OFF,?q=fruits&nc=as
Organic - Desi Banana,₹86.41,24% OFF,?q=fruits&nc=as
Cherry - Imported,₹348.76,24% OFF,?q=fruits&nc=as
Custard Apple Golden,₹59.61,24% OFF,?q=fruits&nc=as
Mango - Alphonso/Ratnagiri,,27% OFF,?q=fruits&nc=as
Kesar Mango - Organically Grown,,24% OFF,?q=fruits&nc=as
Banana - Yelakki,₹24.5,42% OFF,?q=fruits&nc=as
"Orange - Nagpur, Regular",₹401.1,20% OFF,?q=fruits&nc=as
Banana - Robusta,₹46,37% OFF,?q=fruits&nc=as
"Apple - Shimla, Regular",₹278,39% OFF,?q=fruits&nc=as
Mango Badami,₹113.48,24% OFF,?q=fruits&nc=as
Kesar Mango,₹193.98,20% OFF,?q=fruits&nc=as
"Mango Alphonso, Ratnagiri",₹495.34,20% OFF,?q=fruits&nc=as
Orange - Kinnow (Loose),₹85,24% OFF,?q=fruits&nc=as
Custard Apple,₹52.05,24% OFF,?q=fruits&nc=as
Guava (Loose),₹32,55% OFF,?q=fruits&nc=as
"Banana - Yelakki, Organically Grown",₹98,44% OFF,?q=fruits&nc=as
"Banana - Robusta, Small",₹53.37,20% OFF,?q=fruits&nc=as
Strawberry,₹45,45% OFF,?q=fruits&nc=as
Banana - Raw Green (Loose),₹13,67% OFF,?q=fruits&nc=as
Banana - Nendran,₹95,49% OFF,?q=fruits&nc=as
Banana - Poovan,₹82.19,20% OFF,?q=fruits&nc=as
Banana - Red,₹177.54,20% OFF,?q=fruits&nc=as
Pear - Beauty,₹170.74,24% OFF,?q=fruits&nc=as
Banana - Karpooravalli,₹29,44% OFF,?q=fruits&nc=as
"Banana - Nendran, Organically Grown",₹121.64,20% OFF,?q=fruits&nc=as
"Apple Shimla, Small",₹101.5,41% OFF,?q=fruits&nc=as
Sugar Palm Fruit,₹105.15,24% OFF,?q=fruits&nc=as
"Banana - Robusta, Small",₹21,37% OFF,?q=fruits&nc=as
Plum - Indian,₹129.09,24% OFF,?q=fruits&nc=as
Litchi,₹97.54,20% OFF,?q=fruits&nc=as
Banana - Raw Green (Loose),₹11,33% OFF,?q=fruits&nc=as
Kiwi - Green,₹132,26% OFF,?q=fruits&nc=as
Papaya,₹71.23,20% OFF,?q=fruits&nc=as
Cherry,₹210.41,20% OFF,?q=fruits&nc=as
Cherry - Kashmir,₹295.67,24% OFF,?q=fruits&nc=as
Banana Flower (Loose),₹42.68,24% OFF,?q=fruits&nc=as
Plum - Imported,₹650.68,24% OFF,?q=fruits&nc=as
Custard Apple - Premium,₹200.93,24% OFF,?q=fruits&nc=as
Banana - Yelakki,₹55.89,20% OFF,?q=fruits&nc=as
Dasheri Mango (Malihabadi),₹104.11,20% OFF,?q=fruits&nc=as
Organic - Desi Banana,₹86.41,24% OFF,?q=fruits&nc=as
Cherry - Imported,₹348.76,24% OFF,?q=fruits&nc=as
Custard Apple Golden,₹59.61,24% OFF,?q=fruits&nc=as
Mango - Alphonso/Ratnagiri,₹104.11,27% OFF,?q=fruits&nc=as
Kesar Mango - Organically Grown,₹86.41,24% OFF,?q=fruits&nc=as
Dasheri Mango (Malihabadi),₹348.76,20% OFF,?q=fruits&nc=as
Organic - Desi Banana,₹59.61,24% OFF,?q=fruits&nc=as
Cherry - Imported,₹52.05,24% OFF,?q=fruits&nc=as
Custard Apple Golden,₹96.44,24% OFF,?q=fruits&nc=as
Banana Stem (Loose),₹136.38,24% OFF,?q=fruits&nc=as
Peach - Indian,₹127.12,20% OFF,?q=fruits&nc=as
"Pear - Naspathi, Indian",₹71,24% OFF,?q=fruits&nc=as
Dasheri Mango,₹21.87,20% OFF,?q=fruits&nc=as
"Grapes - Green, Residue Free",₹35.4,36% OFF,?q=fruits&nc=as
Mango Leaves,₹238.9,24% OFF,?q=fruits&nc=as
Kinoow - Organically grown (Loose),₹131.5,24% OFF,?q=fruits&nc=as
Pomegranate - Regular,₹62.46,20% OFF,?q=fruits&nc=as
Sapota,₹74.96,20% OFF,?q=fruits&nc=as
Guava - Pink,₹81,24% OFF,?q=fruits&nc=as
Papaya - Small,₹49,24% OFF,?q=fruits&nc=as
"Orange - Nagpur, Small",₹45,26% OFF,?q=fruits&nc=as
Dragon Fruit (Loose),₹45.81,54% OFF,?q=fruits&nc=as
Muskmelon - Netted Small,₹65,46% OFF,?q=fruits&nc=as
Ber (Loose),₹51.5,24% OFF,?q=fruits&nc=as
Tender Coconut,₹46,22% OFF,?q=fruits&nc=as
Thai Guava - White Centre,₹41.5,20% OFF,?q=fruits&nc=as
Grapes - Bangalore Blue with Seed,₹38,43% OFF,?q=fruits&nc=as
Watermelon - Small,₹270,49% OFF,?q=fruits&nc=as
Coconut - Medium,₹220,57% OFF,?q=fruits&nc=as
"Pear - Green, Imported",₹270,24% OFF,?q=fruits&nc=as
Pomegranate,₹24.5,45% OFF,?q=fruits&nc=as
Mini Orange Imported,₹84.33,29% OFF,?q=fruits&nc=as
"Banana - Robusta, Organically Grown",₹75,39% OFF,?q=fruits&nc=as
Pineapple,₹183.02,24% OFF,?q=fruits&nc=as
Watermelon - Organically Grown (Loose),₹136.98,32% OFF,?q=fruits&nc=as
Totapuri Mango - Raw,₹256.11,20% OFF,?q=fruits&nc=as
"Avocado - Imported, Medium (Loose)",₹384,20% OFF,?q=fruits&nc=as
Fresh Figs,₹201.64,24% OFF,?q=fruits&nc=as
"Apple - Royal Gala, Regular",₹198.36,26% OFF,?q=fruits&nc=as
Pomegranate - Premium,₹31.24,20% OFF,?q=fruits&nc=as
Mosambi - Economy (Loose),₹310,20% OFF,?q=fruits&nc=as
Wood Apple - Kothbel (Loose),,24% OFF,?q=fruits&nc=as
"Apple - Kinnaur, Regular",,32% OFF,?q=fruits&nc=as
Apple - Royal Gala,,27% OFF,?q=fruits&nc=as
Mango Badami - Organically Grown,,,?q=fruits&nc=as
Green Peas (Loose),₹15,54% OFF,?q=vegetable&nc=as
Golden Sweet Corn,₹49,18% OFF,?q=vegetable&nc=as
Spring Onion,₹71.23,20% OFF,?q=vegetable&nc=as
Potato - Fresh Crop,₹60,41% OFF,?q=vegetable&nc=as
Ladies' Fingers (Loose),₹13,59% OFF,?q=vegetable&nc=as
Carrot - Orange (Loose),₹9,45% OFF,?q=vegetable&nc=as
5 Mix Vegetable,₹133,34% OFF,?q=vegetable&nc=as
Winter Green Peas,₹179,11% OFF,?q=vegetable&nc=as
Cauliflower,₹42.74,20% OFF,?q=vegetable&nc=as
Methi - With roots,₹15.34,20% OFF,?q=vegetable&nc=as
"Methi/Venthaya Keerai - Cleaned, without roots",₹7,72% OFF,?q=vegetable&nc=as
Cucumber,₹9.9,56% OFF,?q=vegetable&nc=as
Capsicum - Green (Loose),₹51,35% OFF,?q=vegetable&nc=as
Tomato - Local,₹35,54% OFF,?q=vegetable&nc=as
Potato,₹36,42% OFF,?q=vegetable&nc=as
Coriander Leaves,₹104.11,20% OFF,?q=vegetable&nc=as
Potato - New Crop,₹39,21% OFF,?q=vegetable&nc=as
Ginger - Organically Grown (Loose),₹11.5,58% OFF,?q=vegetable&nc=as
Radish - White (Loose),₹20,64% OFF,?q=vegetable&nc=as
Beans - Haricot (Loose),₹52,54% OFF,?q=vegetable&nc=as
Carrot - Red,₹12,54% OFF,?q=vegetable&nc=as
Drumstick/Moringa,₹218.08,20% OFF,?q=vegetable&nc=as
"Chilli - Green, Organically Grown",₹44,45% OFF,?q=vegetable&nc=as
Ridge Gourd,₹23,40% OFF,?q=vegetable&nc=as
Onion (Loose),₹70,36% OFF,?q=vegetable&nc=as
Bottle Gourd (Loose),₹13,66% OFF,?q=vegetable&nc=as
Cabbage,₹13,47% OFF,?q=vegetable&nc=as
Palak - Organically Grown,₹88,21% OFF,?q=vegetable&nc=as
Brinjal - Varikatri (Loose),₹58.08,20% OFF,?q=vegetable&nc=as
Beetroot (Loose),₹12,48% OFF,?q=vegetable&nc=as
Drumstick Leaves,₹33.32,24% OFF,?q=vegetable&nc=as
Carrots - Grated,₹41.64,24% OFF,?q=vegetable&nc=as
Drumstick - Cut,₹89.54,24% OFF,?q=vegetable&nc=as
Drumstick - Organically Grown,₹21.87,24% OFF,?q=vegetable&nc=as
Carrot Red Halwa,₹39.56,24% OFF,?q=vegetable&nc=as
"Potato - Chandramukhi, Organically Grown",₹31.34,20% OFF,?q=vegetable&nc=as
Tomato - Hybrid (Loose),₹7.5,58% OFF,?q=vegetable&nc=as
Bitter Gourd (Loose),₹21,52% OFF,?q=vegetable&nc=as
Coccinia (Loose),₹48,43% OFF,?q=vegetable&nc=as
Brinjal - Bottle Shape (Loose),₹25,41% OFF,?q=vegetable&nc=as
Green Peas (Loose),₹15,54% OFF,?q=vegetable&nc=as
Golden Sweet Corn,₹49,18% OFF,?q=vegetable&nc=as
Spring Onion,₹71.23,20% OFF,?q=vegetable&nc=as
Potato - Fresh Crop,₹60,41% OFF,?q=vegetable&nc=as
Ladies' Fingers (Loose),₹13,59% OFF,?q=vegetable&nc=as
Carrot - Orange (Loose),₹9,45% OFF,?q=vegetable&nc=as
5 Mix Vegetable,₹133,34% OFF,?q=vegetable&nc=as
Winter Green Peas,₹179,11% OFF,?q=vegetable&nc=as
Cauliflower,₹42.74,20% OFF,?q=vegetable&nc=as
Methi - With roots,₹15.34,20% OFF,?q=vegetable&nc=as
"Methi/Venthaya Keerai - Cleaned, without roots",₹7,72% OFF,?q=vegetable&nc=as
Cucumber,₹9.9,56% OFF,?q=vegetable&nc=as
Capsicum - Green (Loose),₹51,35% OFF,?q=vegetable&nc=as
Tomato - Local,₹35,54% OFF,?q=vegetable&nc=as
Potato,₹36,42% OFF,?q=vegetable&nc=as
Coriander Leaves,₹104.11,20% OFF,?q=vegetable&nc=as
Potato - New Crop,₹39,21% OFF,?q=vegetable&nc=as
Ginger - Organically Grown (Loose),₹11.5,58% OFF,?q=vegetable&nc=as
Radish - White (Loose),₹20,64% OFF,?q=vegetable&nc=as
Beans - Haricot (Loose),₹52,54% OFF,?q=vegetable&nc=as
Carrot - Red,₹12,54% OFF,?q=vegetable&nc=as
Drumstick/Moringa,₹218.08,20% OFF,?q=vegetable&nc=as
"Chilli - Green, Organically Grown",₹44,45% OFF,?q=vegetable&nc=as
Ridge Gourd,₹23,40% OFF,?q=vegetable&nc=as
Onion (Loose),₹70,36% OFF,?q=vegetable&nc=as
Bottle Gourd (Loose),₹13,66% OFF,?q=vegetable&nc=as
Cabbage,₹13,47% OFF,?q=vegetable&nc=as
Palak - Organically Grown,₹88,21% OFF,?q=vegetable&nc=as
Brinjal - Varikatri (Loose),₹58.08,20% OFF,?q=vegetable&nc=as
Beetroot (Loose),₹12,48% OFF,?q=vegetable&nc=as
Drumstick Leaves,₹33.32,24% OFF,?q=vegetable&nc=as
Carrots - Grated,₹41.64,24% OFF,?q=vegetable&nc=as
Drumstick - Cut,₹89.54,24% OFF,?q=vegetable&nc=as
Drumstick - Organically Grown,₹21.87,24% OFF,?q=vegetable&nc=as
Carrot Red Halwa,₹39.56,24% OFF,?q=vegetable&nc=as
"Potato - Chandramukhi, Organically Grown",₹31.34,20% OFF,?q=vegetable&nc=as
Tomato - Hybrid (Loose),₹7.5,58% OFF,?q=vegetable&nc=as
Bitter Gourd (Loose),₹21,52% OFF,?q=vegetable&nc=as
Coccinia (Loose),₹48,43% OFF,?q=vegetable&nc=as
Brinjal - Bottle Shape (Loose),₹25,41% OFF,?q=vegetable&nc=as
Bitter Gourd (Loose),₹21,52% OFF,?q=vegetable&nc=as
Coccinia (Loose),₹48,43% OFF,?q=vegetable&nc=as
Brinjal - Bottle Shape (Loose),₹25,41% OFF,?q=vegetable&nc=as
Beetroot - Organically Grown (Loose),₹9,45% OFF,?q=vegetable&nc=as
Sweet Potato (Loose),₹49,31% OFF,?q=vegetable&nc=as
Curry Leaves,₹157.81,20% OFF,?q=vegetable&nc=as
Beans - Broad (Loose),₹83,26% OFF,?q=vegetable&nc=as
Beans - Cowpea (Loose),₹17,38% OFF,?q=vegetable&nc=as
Cucumber - English (Loose),₹9.5,54% OFF,?q=vegetable&nc=as
Spring Onion - With roots,₹15.34,20% OFF,?q=vegetable&nc=as
Parwal (Loose),₹220,53% OFF,?q=vegetable&nc=as
Mint - Organically Grown,₹73.92,24% OFF,?q=vegetable&nc=as
Chow Chow (Loose),₹53.09,24% OFF,?q=vegetable&nc=as
Mushrooms - Button,₹48.22,20% OFF,?q=vegetable&nc=as
"Palak - Cleaned, without roots",₹47.12,20% OFF,?q=vegetable&nc=as
Broccoli,₹17.5,57% OFF,?q=vegetable&nc=as
Sweet Corn (Loose),₹35,38% OFF,?q=vegetable&nc=as
Cabbage - Organically Grown (Loose),₹14,62% OFF,?q=vegetable&nc=as
"Capsicum - Green, Organically Grown (Loose)",₹51,47% OFF,?q=vegetable&nc=as
Cucumber - Organically Grown (Loose),₹12,60% OFF,?q=vegetable&nc=as
Garlic - Organically Grown (Loose),₹313.5,48% OFF,?q=vegetable&nc=as
Colocasia (Loose),₹124.93,20% OFF,?q=vegetable&nc=as
Carrot - Ooty (Loose),₹119.46,20% OFF,?q=vegetable&nc=as
Onion - Organically Grown (Loose),₹86,37% OFF,?q=vegetable&nc=as
Cauliflower - Organically Grown,₹19,58% OFF,?q=vegetable&nc=as
"Tomato - Local, Organically Grown (Loose)",₹29,34% OFF,?q=vegetable&nc=as
Amla (Loose),₹98.91,24% OFF,?q=vegetable&nc=as
Snake Gourd,₹73.42,20% OFF,?q=vegetable&nc=as
Bottle Gourd - Organically Grown (Loose),₹33.32,24% OFF,?q=vegetable&nc=as
Pumpkin Green - Cut,₹44.93,20% OFF,?q=vegetable&nc=as
"Tomato - Hybrid, Organically Grown (Loose)",₹28,44% OFF,?q=vegetable&nc=as
Onion - Sambhar (Loose),₹128.22,20% OFF,?q=vegetable&nc=as
Knol Khol (Loose),₹69.75,24% OFF,?q=vegetable&nc=as
Beans - Cluster (Loose),₹18,37% OFF,?q=vegetable&nc=as
Baby Potato (Loose),₹28.5,20% OFF,?q=vegetable&nc=as
"Mint Leaves - Cleaned, without roots",₹18.74,24% OFF,?q=vegetable&nc=as
Bitter Gourd - Forest (Loose),₹132.22,24% OFF,?q=vegetable&nc=as
"Papaya - Raw, Organically Grown (Loose)",₹61.37,20% OFF,?q=vegetable&nc=as
"Beans - French Ring, Organically Grown",₹44,53% OFF,?q=vegetable&nc=as
"Amaranthus - Green Cleaned, without roots",₹109.32,24% OFF,?q=vegetable&nc=as
Pure Ghee/Tuppa,₹699,13% OFF,?q=dairy&nc=as
GoodLife Toned Milk,₹28.2,6% OFF,?q=dairy&nc=as
Desi White Ghee,₹599,17% OFF,?q=dairy&nc=as
Pasteurised Toned Milk,₹44,19% OFF,?q=dairy&nc=as
Shubham Milk,₹50,4% OFF,?q=dairy&nc=as
Daily Health Toned Milk,₹31,₹8 OFF,?q=dairy&nc=as
Pure Cow Ghee,₹725,40% OFF,?q=dairy&nc=as
Curd,₹25,₹54 OFF,?q=dairy&nc=as
Badam Pista Shrikhand,₹120,17% OFF,?q=dairy&nc=as
Flavoured Milk - Pista,₹112,25% OFF,?q=dairy&nc=as
Processed Cheese Slices,₹208.99,6% OFF,?q=dairy&nc=as
Fruit & Nut Chocolate Bar,₹486.02,15% OFF,?q=dairy&nc=as
Fruit Yoghurt - Mango,₹175,₹15 OFF,?q=dairy&nc=as
Mishti Doi,₹140,6% OFF,?q=dairy&nc=as
Chocolate Bar,₹322.34,15% OFF,?q=dairy&nc=as
"Bites - Hazelnut, Roasted & Chocolate Coated",₹112.5,18% OFF,?q=dairy&nc=as
Chocolate Shots,₹28.2,16% OFF,?q=dairy&nc=as
Masti Buttermilk - Spice,₹140,₹27 OFF,?q=dairy&nc=as
Dairy Cream,₹48.23,24% OFF,?q=dairy&nc=as
Paneer - Rich In Calcium,₹222.32,₹39 OFF,?q=dairy&nc=as
Everyday Dairy Whitener - Milk Powder For Tea,₹28.2,11% OFF,?q=dairy&nc=as
Tofu,₹84,11% OFF,?q=dairy&nc=as
Butter - Pasteurized,₹550,27% OFF,?q=dairy&nc=as
Cheese Cubes,₹221.47,32% OFF,?q=dairy&nc=as
Farm Fresh Curd - No Preservatives,₹226,20% OFF,?q=dairy&nc=as
Roast Almond Chocolate Bar,₹243.01,6% OFF,?q=dairy&nc=as
The Laughing Cow Cheese Slices,₹324.97,20% OFF,?q=dairy&nc=as
Dahi - Made From Toned Milk,₹100,25% OFF,?q=dairy&nc=as
Oreo Valentine's Gift Pack Chocolate Bar,₹351.01,₹39 OFF,?q=dairy&nc=as
Acti Plus Dahi - With Probiotics,₹71.5,5% OFF,?q=dairy&nc=as
Paneer,₹160.2,₹38 OFF,?q=dairy&nc=as
Home Treats Valentine's Gift Pack Chocolate Bar,₹321.86,₹34 OFF,?q=dairy&nc=as
Chocolate Home Treats Pack,₹273.6,,?q=dairy&nc=as
Fruit & Nut Valentine's Gift Pack Chocolate Bar,₹310.68,,?q=dairy&nc=as
Dairy Whitener,₹89.3,,?q=dairy&nc=as
Miniatures Premium Assorted Chocolate - Diwali Gift Pack,₹520,,?q=dairy&nc=as
Heart Blush Valentine's Chocolate Gift Pack,₹266.25,,?q=dairy&nc=as
Bubbly Valentine's Gift Pack Chocolate Bar,₹351.01,,?q=dairy&nc=as
Pasteurized Table Butter,₹57,,?q=dairy&nc=as
Roast Almond Valentine's Gift Pack Chocolate Bar,₹351.98,,?q=dairy&nc=as
Dailycious PP Curd,₹34,,?q=dairy&nc=as
Cheese Slice - Processed Spread,₹301.5,,?q=dairy&nc=as
Dairy Milk Chocolate Bar - Crispello,,,?q=dairy&nc=as
Pure Ghee/Tuppa,₹699,13% OFF,?q=dairy&nc=as
GoodLife Toned Milk,₹28.2,6% OFF,?q=dairy&nc=as
Desi White Ghee,₹599,17% OFF,?q=dairy&nc=as
Pasteurised Toned Milk,₹44,19% OFF,?q=dairy&nc=as
Shubham Milk,₹50,4% OFF,?q=dairy&nc=as
Daily Health Toned Milk,₹31,₹8 OFF,?q=dairy&nc=as
Pure Cow Ghee,₹725,40% OFF,?q=dairy&nc=as
Curd,₹25,₹54 OFF,?q=dairy&nc=as
Badam Pista Shrikhand,₹120,17% OFF,?q=dairy&nc=as
Flavoured Milk - Pista,₹112,25% OFF,?q=dairy&nc=as
Processed Cheese Slices,₹208.99,6% OFF,?q=dairy&nc=as
Fruit & Nut Chocolate Bar,₹486.02,15% OFF,?q=dairy&nc=as
Fruit Yoghurt - Mango,₹175,₹15 OFF,?q=dairy&nc=as
Mishti Doi,₹140,6% OFF,?q=dairy&nc=as
Chocolate Bar,₹322.34,15% OFF,?q=dairy&nc=as
"Bites - Hazelnut, Roasted & Chocolate Coated",₹112.5,18% OFF,?q=dairy&nc=as
Chocolate Shots,₹28.2,16% OFF,?q=dairy&nc=as
Masti Buttermilk - Spice,₹140,₹27 OFF,?q=dairy&nc=as
Dairy Cream,₹48.23,24% OFF,?q=dairy&nc=as
Paneer - Rich In Calcium,₹222.32,₹39 OFF,?q=dairy&nc=as
Everyday Dairy Whitener - Milk Powder For Tea,₹28.2,11% OFF,?q=dairy&nc=as
Tofu,₹84,11% OFF,?q=dairy&nc=as
Butter - Pasteurized,₹550,27% OFF,?q=dairy&nc=as
Cheese Cubes,₹221.47,32% OFF,?q=dairy&nc=as
Farm Fresh Curd - No Preservatives,₹226,20% OFF,?q=dairy&nc=as
Roast Almond Chocolate Bar,₹243.01,6% OFF,?q=dairy&nc=as
The Laughing Cow Cheese Slices,₹324.97,20% OFF,?q=dairy&nc=as
Dahi - Made From Toned Milk,₹100,25% OFF,?q=dairy&nc=as
Oreo Valentine's Gift Pack Chocolate Bar,₹351.01,₹39 OFF,?q=dairy&nc=as
Acti Plus Dahi - With Probiotics,₹71.5,5% OFF,?q=dairy&nc=as
Paneer,₹160.2,₹38 OFF,?q=dairy&nc=as
Home Treats Valentine's Gift Pack Chocolate Bar,₹321.86,₹34 OFF,?q=dairy&nc=as
Chocolate Home Treats Pack,₹273.6,,?q=dairy&nc=as
Fruit & Nut Valentine's Gift Pack Chocolate Bar,₹310.68,,?q=dairy&nc=as
Dairy Whitener,₹89.3,,?q=dairy&nc=as
Miniatures Premium Assorted Chocolate - Diwali Gift Pack,₹520,,?q=dairy&nc=as
Heart Blush Valentine's Chocolate Gift Pack,₹266.25,,?q=dairy&nc=as
Bubbly Valentine's Gift Pack Chocolate Bar,₹351.01,,?q=dairy&nc=as
Pasteurized Table Butter,₹57,,?q=dairy&nc=as
Roast Almond Valentine's Gift Pack Chocolate Bar,₹351.98,,?q=dairy&nc=as
Dailycious PP Curd,₹34,,?q=dairy&nc=as
Cheese Slice - Processed Spread,₹301.5,,?q=dairy&nc=as
Dairy Milk Chocolate Bar - Crispello,,,?q=dairy&nc=as
100% Tender Coconut Water,₹109,39% OFF,?q=beverages&nc=as
Diet Coke Soft Drink,₹152,₹8 OFF,?q=beverages&nc=as
Tender Coconut Water - With Pulpy Malai,₹49,18% OFF,?q=beverages&nc=as
Fresh 'N' Juicy Mango Drink,₹37.6,6% OFF,?q=beverages&nc=as
Soft Drink,₹60.8,20% OFF,?q=beverages&nc=as
Soft Drink,₹67,11% OFF,?q=beverages&nc=as
"Fruit Fun - American Pineapple, 32 Glasses",₹35,30% OFF,?q=beverages&nc=as
"Real Activ Fruit + Veggie Orange & Carrot Beverage, With No Added Sugars/Preservative -1L",₹278.8,18% OFF,?q=beverages&nc=as
Soft Drink - Lime & Lemoni Flavoured,₹85,14% OFF,?q=beverages&nc=as
Kiwi With Goodness Of Nata De Coco - Naturally Twisted,₹30,21% OFF,?q=beverages&nc=as
Fruit Drink - Pulpy Orange,₹142.5,₹13 OFF,?q=beverages&nc=as
"Cold Extracted Juice - Basics, Aloe Vera Lemonade",₹237.5,5% OFF,?q=beverages&nc=as
Zero Sugar Jamun Juice,₹52.25,15% OFF,?q=beverages&nc=as
Mango Fruit Power Juice,₹204,28% OFF,?q=beverages&nc=as
Cold Extracted Juice - Grapefruit,₹722.5,35% OFF,?q=beverages&nc=as
Lemon Flavoured,₹234,₹5 OFF,?q=beverages&nc=as
"Zero Lemon Lime Sparkling Water - Carbonated Water, Sugar Free, No Calories",₹174.6,₹5 OFF,?q=beverages&nc=as
"Sparkling Water - Green Apple, Carbonated Water, Zero Sugar/Calories",₹174.6,17% OFF,?q=beverages&nc=as
Soft Drink - Orange Flavoured,₹399.6,6% OFF,?q=beverages&nc=as
Sparkling Water - Club Soda,₹56.4,₹18 OFF,?q=beverages&nc=as
Hommade Lemoneez - Goodness Of 33 Lemons,₹162,23% OFF,?q=beverages&nc=as
Aromatic Spiced Bitters - Non-alcoholic,₹1250,13% OFF,?q=beverages&nc=as
Orange Bitters - Non-alcoholic,₹1250,6% OFF,?q=beverages&nc=as
Strawberry With Goodness Of Nata De Coco - Naturally Twisted,₹30,19% OFF,?q=beverages&nc=as
Soft Drink - Zero Sugar,₹23.25,6% OFF,?q=beverages&nc=as
"Apple Juice - Rich In Vitamin D, No Added Preservatives",₹120,36% OFF,?q=beverages&nc=as
Mango Drink,₹174.8,14% OFF,?q=beverages&nc=as
Fizz Jeera Masala Soda,₹56.4,₹47 OFF,?q=beverages&nc=as
Swing Juicier Drink - Slurpy Mango,₹60,₹43 OFF,?q=beverages&nc=as
100% Natural Cold Pressed Juice - Mango,₹405,22% OFF,?q=beverages&nc=as
Club Soda - Evervess,₹18.8,36% OFF,?q=beverages&nc=as
Apple - with No Added Sugar,₹178.22,₹5 OFF,?q=beverages&nc=as
"Almond Milk - Unsweetened, Rich In Calcium",₹1019.52,28% OFF,?q=beverages&nc=as
Plant-Based Almond Beverage - Vanilla,₹552.9,₹23 OFF,?q=beverages&nc=as
Plant-Based Almond Beverage - Chocolate,₹506.82,,?q=beverages&nc=as
Milo RTD Cocoa Malt Drink With Millets - Chocolate Flavour,₹105.3,,?q=beverages&nc=as
"Fiber Plus Juice - Multi Fruit Beverage, No Added Sugars & Preservative",₹216.41,,?q=beverages&nc=as
"Fruit Beverage - No Added Sugar, Low Calories, Ginger Lemon",₹174.6,,?q=beverages&nc=as
"Almond Milk - Unsweetened, Dairy Free",₹1404,,?q=beverages&nc=as
Plant-Based Soy Beverage - Unsweetened,₹266.8,,?q=beverages&nc=as
Plant-Based Soy Beverage - Chocolate,₹270,,?q=beverages&nc=as
100% Tender Coconut Water,₹109,39% OFF,?q=beverages&nc=as
Diet Coke Soft Drink,₹152,₹8 OFF,?q=beverages&nc=as
Tender Coconut Water - With Pulpy Malai,₹49,18% OFF,?q=beverages&nc=as
Fresh 'N' Juicy Mango Drink,₹37.6,6% OFF,?q=beverages&nc=as
Soft Drink,₹60.8,20% OFF,?q=beverages&nc=as
Soft Drink,₹67,11% OFF,?q=beverages&nc=as
"Fruit Fun - American Pineapple, 32 Glasses",₹35,30% OFF,?q=beverages&nc=as
"Real Activ Fruit + Veggie Orange & Carrot Beverage, With No Added Sugars/Preservative -1L",₹278.8,18% OFF,?q=beverages&nc=as
Soft Drink - Lime & Lemoni Flavoured,₹85,14% OFF,?q=beverages&nc=as
Kiwi With Goodness Of Nata De Coco - Naturally Twisted,₹30,21% OFF,?q=beverages&nc=as
Fruit Drink - Pulpy Orange,₹142.5,₹13 OFF,?q=beverages&nc=as
"Cold Extracted Juice - Basics, Aloe Vera Lemonade",₹237.5,5% OFF,?q=beverages&nc=as
Zero Sugar Jamun Juice,₹52.25,15% OFF,?q=beverages&nc=as
Mango Fruit Power Juice,₹204,28% OFF,?q=beverages&nc=as
Cold Extracted Juice - Grapefruit,₹722.5,35% OFF,?q=beverages&nc=as
Lemon Flavoured,₹234,₹5 OFF,?q=beverages&nc=as
"Zero Lemon Lime Sparkling Water - Carbonated Water, Sugar Free, No Calories",₹174.6,₹5 OFF,?q=beverages&nc=as
"Sparkling Water - Green Apple, Carbonated Water, Zero Sugar/Calories",₹174.6,17% OFF,?q=beverages&nc=as
Soft Drink - Orange Flavoured,₹399.6,6% OFF,?q=beverages&nc=as
Sparkling Water - Club Soda,₹56.4,₹18 OFF,?q=beverages&nc=as
Hommade Lemoneez - Goodness Of 33 Lemons,₹162,23% OFF,?q=beverages&nc=as
Aromatic Spiced Bitters - Non-alcoholic,₹1250,13% OFF,?q=beverages&nc=as
Orange Bitters - Non-alcoholic,₹1250,6% OFF,?q=beverages&nc=as
Strawberry With Goodness Of Nata De Coco - Naturally Twisted,₹30,19% OFF,?q=beverages&nc=as
Soft Drink - Zero Sugar,₹23.25,6% OFF,?q=beverages&nc=as
"Apple Juice - Rich In Vitamin D, No Added Preservatives",₹120,36% OFF,?q=beverages&nc=as
Mango Drink,₹174.8,14% OFF,?q=beverages&nc=as
Fizz Jeera Masala Soda,₹56.4,₹47 OFF,?q=beverages&nc=as
Swing Juicier Drink - Slurpy Mango,₹60,₹43 OFF,?q=beverages&nc=as
100% Natural Cold Pressed Juice - Mango,₹405,22% OFF,?q=beverages&nc=as
Club Soda - Evervess,₹18.8,36% OFF,?q=beverages&nc=as
Apple - with No Added Sugar,₹178.22,₹5 OFF,?q=beverages&nc=as
"Almond Milk - Unsweetened, Rich In Calcium",₹1019.52,28% OFF,?q=beverages&nc=as
Plant-Based Almond Beverage - Vanilla,₹552.9,₹23 OFF,?q=beverages&nc=as
Plant-Based Almond Beverage - Chocolate,₹506.82,₹23 OFF,?q=beverages&nc=as
Milo RTD Cocoa Malt Drink With Millets - Chocolate Flavour,₹105.3,38% OFF,?q=beverages&nc=as
"Fiber Plus Juice - Multi Fruit Beverage, No Added Sugars & Preservative",₹216.41,12% OFF,?q=beverages&nc=as
"Fruit Beverage - No Added Sugar, Low Calories, Ginger Lemon",₹174.6,25% OFF,?q=beverages&nc=as
"Almond Milk - Unsweetened, Dairy Free",₹1404,20% OFF,?q=beverages&nc=as
Plant-Based Soy Beverage - Unsweetened,₹266.8,₹58 OFF,?q=beverages&nc=as
Plant-Based Soy Beverage - Chocolate,₹270,15% OFF,?q=beverages&nc=as
Plant-Based Soy Beverage - Unsweetened,₹266.8,₹30 OFF,?q=beverages&nc=as
Nutritional Beverage Mix - Creamy Vanilla Flavour,₹1455,₹5 OFF,?q=beverages&nc=as
Plant-Based Soy Beverage - Chocolate,₹270,₹17 OFF,?q=beverages&nc=as
"Prime Tea Strainer No 2 - Stainless Steel, Drains Beverages",₹49,25% OFF,?q=beverages&nc=as
Ready To Drink Coffee & Milk Beverage - Chilled Latte Flavoured,₹118.8,₹58 OFF,?q=beverages&nc=as
Instant Energy Nutrition Drink - Regular,₹330,₹16 OFF,?q=beverages&nc=as
Oat Beverage - Caramel,₹240,15% OFF,?q=beverages&nc=as
"Nutritional Beverage Mix - Original, For Adults",₹1599,6% OFF,?q=beverages&nc=as
Plant-Based Soy Beverage - Protein+,₹300,45% OFF,?q=beverages&nc=as
"OatWOW Classic - Oat Beverage, Dairy Alternative",₹1800,₹39 OFF,?q=beverages&nc=as
Original Adult Nutritional Drink Mix For Recovery With High Protein,₹2620,10% OFF,?q=beverages&nc=as
"Margarita Non-Alcoholic Beverage - Lemon, Lime, Chili, Agave",₹1382.4,,?q=beverages&nc=as
Almond Barista Edition Beverage,₹276.25,,?q=beverages&nc=as
Dairy Based Beverage Mix - Royale Chocolate Flavour,₹395.38,,?q=beverages&nc=as
"Fruit Beverage - No Added Sugar, Low Calories, Peach",₹174.6,,?q=beverages&nc=as
Plant-Based Soy Beverage - Original,₹272.6,,?q=beverages&nc=as
Nutritional Beverage Mix - Rich Chocolate Flavour,₹1455,,?q=beverages&nc=as
Energy Drink - Sugar Free,₹2250,,?q=beverages&nc=as
Non Alcoholic Beverage - Whiskey Sour Mixer,₹1382.4,,?q=beverages&nc=as
Plant-Based Soy Beverage - Elaichi,₹144,,?q=beverages&nc=as
"Non-Alcoholic Beer Bottle - Malt Beverage, Apple Flavour",₹99,,?q=beverages&nc=as
"Peach Lemonade - Low Calorie, Refreshing Beverage",₹80.75,,?q=beverages&nc=as
"Mixed Berry Lemonade - Low Calorie, Refreshing Beverage",₹89.3,,?q=beverages&nc=as
"Prime Tea Strainer No - 2/4 - Stainless Steel, Drains Beverages",₹109,,?q=beverages&nc=as
Instant Energy Nutrition Drink - Tangy Orange,₹351,,?q=beverages&nc=as
"Energy Drink - Caffeinated Beverage, Rich In Vitamin B, Berry Blast",₹54,,?q=beverages&nc=as
Plant-Based Almond & Coconut Beverage - Unsweetened,₹600,,?q=beverages&nc=as
"Non-Alcoholic Beer Bottle - Malt Beverage, Strawberry Flavour",₹120,,?q=beverages&nc=as
Zero Sugar Mojito Non-Alcoholic Beverage Cocktail Mixer,₹99,,?q=beverages&nc=as
"Passion Fruit Kombucha - Gluten Free, No Artificial Flavours, Perfect Post Workout Beverage",₹150,,?q=beverages&nc=as
Non Alcoholic Beverage - Used To Mix Mocktails,₹425,,?q=beverages&nc=as
"Sparkling Beverage - Ginger Ale, Finely Crafted, Natural Flavour",₹480,,?q=beverages&nc=as
Nutritional Beverage Mix - Elaichi Flavour,₹245,,?q=beverages&nc=as
"Strawberry Kombucha - Gluten Free, No Artificial Flavours, Perfect Post Workout Beverage",₹150,,?q=beverages&nc=as
Non-Alcoholic Beer Bottle - Malt Flavour,₹120,,?q=beverages&nc=as
"Coconut Drink - Real Fruit Juice, Ready To Serve Beverage, Coco Litchi",₹40,,?q=beverages&nc=as
"Ginger Kombucha - Gluten Free, No Artificial Flavours, Perfect Post Workout Beverage",₹150,,?q=beverages&nc=as
Fruit Beverage - Ready To Serve,₹24,,?q=beverages&nc=as
"Max Tea Stainless Steel Strainers - Durable, For Straining Beverages",,,?q=beverages&nc=as
"Organic Basil Seeds - Premium Quality, For Desserts, Beverages",,,?q=beverages&nc=as
Soya Sticks,₹40,11% OFF,?q=snacks&nc=as
Butter Murukku,₹28.2,6% OFF,?q=snacks&nc=as
Namkeen - Khatta Meetha,₹56.4,6% OFF,?q=snacks&nc=as
Moong Dal Namkeen,₹541.5,₹29 OFF,?q=snacks&nc=as
Madras Mixture,₹220,24% OFF,?q=snacks&nc=as
Namkeen - Mini Bhakarwadi,₹130,37% OFF,?q=snacks&nc=as
Namkeen - Kodubale,₹65,10% OFF,?q=snacks&nc=as
Ribbon Pakoda,₹65,34% OFF,?q=snacks&nc=as
Salted Peanuts,₹265,73% OFF,?q=snacks&nc=as
"Kerala Banana Chips - Original Style, Thin & Crispy, Delicious",₹145.35,₹9 OFF,?q=snacks&nc=as
Kerala Rice Murukku,₹79,73% OFF,?q=snacks&nc=as
Namkeen - Mixture,₹54,18% OFF,?q=snacks&nc=as
Namkeen - Masala Kaju,₹100,44% OFF,?q=snacks&nc=as
Namkeen - Tasty Nuts,₹165,₹3 OFF,?q=snacks&nc=as
Butter Murukku,₹69,25% OFF,?q=snacks&nc=as
Chaat Papdi - Crispy,₹58,15% OFF,?q=snacks&nc=as
Bhujia Sev,₹145.7,20% OFF,?q=snacks&nc=as
Khara Boondi,₹65,39% OFF,?q=snacks&nc=as
Shankarpali Sweet - Mithai,₹29,22% OFF,?q=snacks&nc=as
Khatta Meetha,₹120,37% OFF,?q=snacks&nc=as
Aloo Bhujia,₹235,21% OFF,?q=snacks&nc=as
Tamil Nadu Madras Mixture,₹59,22% OFF,?q=snacks&nc=as
Namkeen - Lite Chiwda,₹180,39% OFF,?q=snacks&nc=as
Murukku,₹65,39% OFF,?q=snacks&nc=as
Cream & Onion Super Snack,₹97,₹15 OFF,?q=snacks&nc=as
Nacho Chips - Nacho Cheese Flavour,₹112.8,,?q=snacks&nc=as
West Indies Hot N Sweet Potato Chips - Crispy Chips & Snacks,₹85,,?q=snacks&nc=as
Tasty Peanuts - Spice Coated,₹117,,?q=snacks&nc=as
Gujarati Besan Papdi,₹67,,?q=snacks&nc=as
Namkeen - Tasty Nuts Spiced Coated Fried Peanuts,₹95,,?q=snacks&nc=as
Mad Angles Tomato Madness Triangle Chips,₹46.98,,?q=snacks&nc=as
Bombay Mixture,₹55,,?q=snacks&nc=as
"Chegodi, Telugu Speciality Snacks",₹69,,?q=snacks&nc=as
"Bakarwadi, Maharashtra Snack",₹99,,?q=snacks&nc=as
All In One Mixture,₹114,,?q=snacks&nc=as
"Bakes Twisties - Cheese & Herbs Flavour, Crunchy Snacks",₹50,,?q=snacks&nc=as
Phalhari Chiwda Namkeen,₹50,,?q=snacks&nc=as
Quinoa Puffs - Onion Masala,₹76.8,,?q=snacks&nc=as
Ragi Sticks - Achari Masala,₹76.8,,?q=snacks&nc=as
"Snappers Potato Crackers - Cream & Onion, Light, Crispy Snack",₹135,,?q=snacks&nc=as
Soya Sticks,₹40,11% OFF,?q=snacks&nc=as
Butter Murukku,₹28.2,6% OFF,?q=snacks&nc=as
Namkeen - Khatta Meetha,₹56.4,6% OFF,?q=snacks&nc=as
Moong Dal Namkeen,₹541.5,₹29 OFF,?q=snacks&nc=as
Madras Mixture,₹220,24% OFF,?q=snacks&nc=as
Namkeen - Mini Bhakarwadi,₹130,37% OFF,?q=snacks&nc=as
Namkeen - Kodubale,₹65,10% OFF,?q=snacks&nc=as
Ribbon Pakoda,₹65,34% OFF,?q=snacks&nc=as
Salted Peanuts,₹265,73% OFF,?q=snacks&nc=as
"Kerala Banana Chips - Original Style, Thin & Crispy, Delicious",₹145.35,₹9 OFF,?q=snacks&nc=as
Kerala Rice Murukku,₹79,73% OFF,?q=snacks&nc=as
Namkeen - Mixture,₹54,18% OFF,?q=snacks&nc=as
Namkeen - Masala Kaju,₹100,44% OFF,?q=snacks&nc=as
Namkeen - Tasty Nuts,₹165,₹3 OFF,?q=snacks&nc=as
Butter Murukku,₹69,25% OFF,?q=snacks&nc=as
Chaat Papdi - Crispy,₹58,15% OFF,?q=snacks&nc=as
Bhujia Sev,₹145.7,20% OFF,?q=snacks&nc=as
Khara Boondi,₹65,39% OFF,?q=snacks&nc=as
Shankarpali Sweet - Mithai,₹29,22% OFF,?q=snacks&nc=as
Khatta Meetha,₹120,37% OFF,?q=snacks&nc=as
Aloo Bhujia,₹235,21% OFF,?q=snacks&nc=as
Tamil Nadu Madras Mixture,₹59,22% OFF,?q=snacks&nc=as
Namkeen - Lite Chiwda,₹180,39% OFF,?q=snacks&nc=as
Murukku,₹65,39% OFF,?q=snacks&nc=as
Cream & Onion Super Snack,₹97,₹15 OFF,?q=snacks&nc=as
Nacho Chips - Nacho Cheese Flavour,₹112.8,14% OFF,?q=snacks&nc=as
West Indies Hot N Sweet Potato Chips - Crispy Chips & Snacks,₹85,₹3 OFF,?q=snacks&nc=as
Tasty Peanuts - Spice Coated,₹117,33% OFF,?q=snacks&nc=as
Gujarati Besan Papdi,₹67,27% OFF,?q=snacks&nc=as
Namkeen - Tasty Nuts Spiced Coated Fried Peanuts,₹95,50% OFF,?q=snacks&nc=as
Mad Angles Tomato Madness Triangle Chips,₹46.98,28% OFF,?q=snacks&nc=as
Bombay Mixture,₹55,18% OFF,?q=snacks&nc=as
"Chegodi, Telugu Speciality Snacks",₹69,16% OFF,?q=snacks&nc=as
"Bakarwadi, Maharashtra Snack",₹99,35% OFF,?q=snacks&nc=as
All In One Mixture,₹114,39% OFF,?q=snacks&nc=as
"Bakes Twisties - Cheese & Herbs Flavour, Crunchy Snacks",₹50,39% OFF,?q=snacks&nc=as
Phalhari Chiwda Namkeen,₹50,13% OFF,?q=snacks&nc=as
Quinoa Puffs - Onion Masala,₹76.8,33% OFF,?q=snacks&nc=as
Ragi Sticks - Achari Masala,₹76.8,24% OFF,?q=snacks&nc=as
"Snappers Potato Crackers - Cream & Onion, Light, Crispy Snack",₹135,15% OFF,?q=snacks&nc=as
Namkeen - Lemon Bhel,₹60,34% OFF,?q=snacks&nc=as
Masala Peanut,₹65,37% OFF,?q=snacks&nc=as
Banana Chips - Salted,₹100,12% OFF,?q=snacks&nc=as
"Gobbles Marble Cake - Choco Vanilla, Soft & Fluffy Snack (Pack Of 2)",₹51.9,47% OFF,?q=snacks&nc=as
Piri Piri Paradise Super Snack,₹97,34% OFF,?q=snacks&nc=as
Mad Angles Achaari Masti - Mango Pickle Flavour Crunchy Triangle Chips Pack,₹67,,?q=snacks&nc=as
"Bhel Puri Mixture - With Imli & Green Chutney, Namkeen",₹99,,?q=snacks&nc=as
Namkeen - Ratlami Sev,₹150,,?q=snacks&nc=as
Bengaluru Special Mixture,₹164.99,,?q=snacks&nc=as
"Peanut Chikki - Made With jaggery, Healthy Snack, Protein Rich",₹90,,?q=snacks&nc=as
"Thinz - Almond, Light & Crispy, Teatime Snack",₹10,,?q=snacks&nc=as
Rings - Tangy Tomato,₹72,,?q=snacks&nc=as
Nice Time - Sugar Showered Coconut Biscuits,₹122.76,,?q=snacks&nc=as
Instant Popcorn - Golden sizzle,₹192,,?q=snacks&nc=as
Chana Jor Garam,₹45,,?q=snacks&nc=as
Nimki / Namak Para,₹49,,?q=snacks&nc=as
Instant Popcorn - Chilly Surprise,₹30,,?q=snacks&nc=as
Tapiaco Finger Chips - Chilly,₹40,,?q=snacks&nc=as
"Cornflakes Mixture - Namkeen, No Transfats Or Cholesterol, Evening Teatime Snack",₹55,,?q=snacks&nc=as
Kaju - Salted,₹50,,?q=snacks&nc=as
"Piri-Piri Mix - Spicy Tangy Seasoning, Sprinkler For Snacks, Marinades",₹30,,?q=snacks&nc=as
Namkeen - Chatpata Matar,₹30,,?q=snacks&nc=as
Multigrain Chips - Sour Cream & Onion,₹76.8,,?q=snacks&nc=as
Mini Puffs - Cheese N Herbs,₹76.8,,?q=snacks&nc=as
Tapioca Chips Chilly,₹40,,?q=snacks&nc=as
Butter Cookies,₹104,,?q=snacks&nc=as
Good Day Chocochip Cookies,₹86.67,,?q=snacks&nc=as
Mad Angles Very Peri Peri - Spicy & Crunchy Corn Based Triangle Chips Pack For Snacks,₹38,,?q=snacks&nc=as
Namkeen - Mathri,₹130,,?q=snacks&nc=as
Kerala Banana Chips - Sour Cream Onion Parsley,₹102.6,,?q=snacks&nc=as
"Namkeen - Ompudi/ Nylon Sev, Authentic, Traditional, Flavours, Savoury Snack",₹207,,?q=snacks&nc=as
Namkeen - Mini Samosa,₹130,,?q=snacks&nc=as
All In One Namkeen,₹230,,?q=snacks&nc=as
"Chekkalu, Telugu Speciality Snacks",₹69,,?q=snacks&nc=as
"Treat Croissant - Mixed Fruit, soft, 100% Veg",₹70.62,,?q=snacks&nc=as
"Snappers Potato Crackers - Indi Spice, Crispy Snack",₹169.63,,?q=snacks&nc=as
Origins Namkeen -Sesame Murukku,₹207,,?q=snacks&nc=as
Ultra Thin Banana Wafers - Classic Salt,₹110,,?q=snacks&nc=as
Mixture - Cornflakes,₹110,,?q=snacks&nc=as
Party Snack,₹150,,?q=snacks&nc=as
Pure Ghee,₹1170,₹90 OFF,?q=grocery&nc=as
Salt/Uppu - Iodized,₹58,27% OFF,?q=grocery&nc=as
Sooji Ordinary/Bombay Rava,₹290,64% OFF,?q=grocery&nc=as
Powder - Asafoetida,₹883,34% OFF,?q=grocery&nc=as
Organic - Cumin/Jeera/Jeerige,₹215,36% OFF,?q=grocery&nc=as
Organic - Toor Dal/Togari Bele,₹962.5,24% OFF,?q=grocery&nc=as
Fine Besan/Kadale Hittu - 100% Chana Dal,₹107,29% OFF,?q=grocery&nc=as
Turmeric/Haldi Powder - With Natural Oils,₹133,51% OFF,?q=grocery&nc=as
Organic - Cinnamon/Dalchini,₹254,30% OFF,?q=grocery&nc=as
Organic - Cardamom/Elachi Green,₹486,24% OFF,?q=grocery&nc=as
Turmeric Powder/Arisina Pudi,₹119,41% OFF,?q=grocery&nc=as
Organic - Raw Peanuts/Kadalekayi,₹104,15% OFF,?q=grocery&nc=as
Organic - Channa Dal Unpolished,₹253,23% OFF,?q=grocery&nc=as
Turmeric Powder,₹80.75,28% OFF,?q=grocery&nc=as
Organic Tamarind/Hunisehannu,₹139,21% OFF,?q=grocery&nc=as
Rice Bran Health Physically Refined Oil,₹429,40% OFF,?q=grocery&nc=as
Sun Lite Refined Sunflower Oil,₹450,35% OFF,?q=grocery&nc=as
Sambar Masala Powder,₹78,15% OFF,?q=grocery&nc=as
Hing Powder,₹58.5,22% OFF,?q=grocery&nc=as
Sugar,₹54.97,29% OFF,?q=grocery&nc=as
Unpolished Toor Dal/Arhar Dal,₹390,35% OFF,?q=grocery&nc=as
The Original Bourbon Creme Biscuit - With Chocolate,₹92,20% OFF,?q=grocery&nc=as
Ghee/Tuppa,₹788,30% OFF,?q=grocery&nc=as
Organic - Chana Brown/Kadale Kaalu,₹32,55% OFF,?q=grocery&nc=as
Atta/Godihittu - Whole Wheat,₹434.71,39% OFF,?q=grocery&nc=as
Paste - Ginger & Garlic,₹105,17% OFF,?q=grocery&nc=as
Guava (Loose),₹32,50% OFF,?q=grocery&nc=as
Besan/Kadale Hittu,₹98,23% OFF,?q=grocery&nc=as
Sunlite Refined Sunflower Oil,₹280.72,37% OFF,?q=grocery&nc=as
Organic Jaggery/Bella Powder,₹89,33% OFF,?q=grocery&nc=as
Sona Masoori Raw Rice - 12 + Months Old,₹1384,21% OFF,?q=grocery&nc=as
Organic Black Pepper/Kari Menasui,₹124,15% OFF,?q=grocery&nc=as
Safai Steel Scrubber - Rust Free,₹20,38% OFF,?q=grocery&nc=as
Idli/Idly Rice,₹63,40% OFF,?q=grocery&nc=as
"Piri-Piri Mix - Spicy Tangy Seasoning, Sprinkler For Snacks, Marinades",₹30,,?q=grocery&nc=as
Organic Black Mustard,₹68,,?q=grocery&nc=as
Chana Dal/Kadale Bele,₹229,,?q=grocery&nc=as
Chicken Masala,₹115,,?q=grocery&nc=as
Organic Mustard/Rai - Small,₹40,,?q=grocery&nc=as
"Organic Misri - Whole, Sugar/Sakkare Candy",₹46,,?q=grocery&nc=as
Pure Ghee,₹1170,₹90 OFF,?q=grocery&nc=as
Salt/Uppu - Iodized,₹58,27% OFF,?q=grocery&nc=as
Sooji Ordinary/Bombay Rava,₹290,64% OFF,?q=grocery&nc=as
Powder - Asafoetida,₹883,34% OFF,?q=grocery&nc=as
Organic - Cumin/Jeera/Jeerige,₹215,36% OFF,?q=grocery&nc=as
Organic - Toor Dal/Togari Bele,₹962.5,24% OFF,?q=grocery&nc=as
Fine Besan/Kadale Hittu - 100% Chana Dal,₹107,29% OFF,?q=grocery&nc=as
Turmeric/Haldi Powder - With Natural Oils,₹133,51% OFF,?q=grocery&nc=as
Organic - Cinnamon/Dalchini,₹254,30% OFF,?q=grocery&nc=as
Organic - Cardamom/Elachi Green,₹486,24% OFF,?q=grocery&nc=as
Turmeric Powder/Arisina Pudi,₹119,41% OFF,?q=grocery&nc=as
Organic - Raw Peanuts/Kadalekayi,₹104,15% OFF,?q=grocery&nc=as
Organic - Channa Dal Unpolished,₹253,23% OFF,?q=grocery&nc=as
Turmeric Powder,₹80.75,28% OFF,?q=grocery&nc=as
Organic Tamarind/Hunisehannu,₹139,21% OFF,?q=grocery&nc=as
Rice Bran Health Physically Refined Oil,₹429,40% OFF,?q=grocery&nc=as
Sun Lite Refined Sunflower Oil,₹450,35% OFF,?q=grocery&nc=as
Sambar Masala Powder,₹78,15% OFF,?q=grocery&nc=as
Hing Powder,₹58.5,22% OFF,?q=grocery&nc=as
Sugar,₹54.97,29% OFF,?q=grocery&nc=as
Unpolished Toor Dal/Arhar Dal,₹390,35% OFF,?q=grocery&nc=as
The Original Bourbon Creme Biscuit - With Chocolate,₹92,20% OFF,?q=grocery&nc=as
Ghee/Tuppa,₹788,30% OFF,?q=grocery&nc=as
Organic - Chana Brown/Kadale Kaalu,₹32,55% OFF,?q=grocery&nc=as
Atta/Godihittu - Whole Wheat,₹434.71,39% OFF,?q=grocery&nc=as
Paste - Ginger & Garlic,₹105,17% OFF,?q=grocery&nc=as
Guava (Loose),₹32,50% OFF,?q=grocery&nc=as
Besan/Kadale Hittu,₹98,23% OFF,?q=grocery&nc=as
Sunlite Refined Sunflower Oil,₹280.72,37% OFF,?q=grocery&nc=as
Organic Jaggery/Bella Powder,₹89,33% OFF,?q=grocery&nc=as
Sona Masoori Raw Rice - 12 + Months Old,₹1384,21% OFF,?q=grocery&nc=as
Organic Black Pepper/Kari Menasui,₹124,15% OFF,?q=grocery&nc=as
Safai Steel Scrubber - Rust Free,₹20,38% OFF,?q=grocery&nc=as
Idli/Idly Rice,₹63,40% OFF,?q=grocery&nc=as
"Piri-Piri Mix - Spicy Tangy Seasoning, Sprinkler For Snacks, Marinades",₹30,,?q=grocery&nc=as
Organic Black Mustard,₹68,,?q=grocery&nc=as
Chana Dal/Kadale Bele,₹229,,?q=grocery&nc=as
Chicken Masala,₹115,,?q=grocery&nc=as
Organic Mustard/Rai - Small,₹40,,?q=grocery&nc=as
"Organic Misri - Whole, Sugar/Sakkare Candy",₹46,,?q=grocery&nc=as
"Glass & Surface Cleaner Liquid Spray, Regular",₹304.29,12% OFF,?q=household&nc=as
Allfix Clear & Non-Staining All Purpose Adhesive,₹98,₹2 OFF,?q=household&nc=as
Microfibre Kitchen & Household Cleaning Cloth Set,₹290,15% OFF,?q=household&nc=as
"All Purpose Scissor - Multifunctional Kitchen/Household/Garden, 8.3""/21 Cm",₹169,14% OFF,?q=household&nc=as
"All Purpose Scissor For General Household - 5.5""/14 Cm, Yellow, Use In Kitchen & Stationery",₹99,13% OFF,?q=household&nc=as
"All Purpose Scissor For General Household - 6.5""/16.5 Cm, Pink, Use In Kitchen & Stationery",₹109,38% OFF,?q=household&nc=as
"Household Kitchen Set - For Kids, Role Play Toys",₹499,19% OFF,?q=household&nc=as
Household Scrubber Brush,₹500,19% OFF,?q=household&nc=as
"Anti Bacterial Household Surface - 40%Extra free, Imported",₹269,11% OFF,?q=household&nc=as
"All Purpose Scissor For Household With Thick Blade - 8.5""/21.5 Cm, Yellow, Use In Kitchen & Stationery",₹199,19% OFF,?q=household&nc=as
"All Purpose Multifunctional Kitchen/Household/Garden Scissor - 8""/20 Cm, Use In Kitchen & Stationery",₹299,19% OFF,?q=household&nc=as
"Household Candle 40 B - Sturdy, White Colour",₹46,21% OFF,?q=household&nc=as
"Household Candle 27 C - Sturdy, White Colour",₹31,₹40 OFF,?q=household&nc=as
"Household Candle 98 D - Sturdy, White Colour",₹113,29% OFF,?q=household&nc=as
"Micro Mitt Duster - Dust Magnet, For Household Cleaning",₹329,15% OFF,?q=household&nc=as
"All Purpose Scissor For Household With Thick Blade - 7.5""/19 Cm, Yellow, Use In Kitchen & Stationery",₹169,30% OFF,?q=household&nc=as
All Purpose Household Cleaner,₹85,,?q=household&nc=as
Glass & Household Cleaner - Trigger Bottle,₹265.58,,?q=household&nc=as
"Glass & Household Cleaner - Provides Ultra Shine, For Mirrors, Slabs, Surfaces",₹159,,?q=household&nc=as
Big size Household stick candles,₹499,,?q=household&nc=as
"All Purpose Scissor For Household With Thick Blade - 7.5""/19 Cm, Pink, Use In Kitchen & Stationery",₹169,,?q=household&nc=as
Kitchen & Household Daily Cleaning - Reusable Cloth,₹180,,?q=household&nc=as
Household Scissors Set,₹720,,?q=household&nc=as
"All Purpose Scissor For Household With Thick Blade - 8.5""/21.5 Cm, Pink, Use In Kitchen & Stationery",₹199,,?q=household&nc=as
"Household Candle 27 A - Sturdy, White Colour",₹31,,?q=household&nc=as
Kitchen & Household Cloth,₹150,,?q=household&nc=as
"All Purpose Scissor For General Household - 6.5""/16.5 Cm, Yellow, Use In Kitchen & Stationery",₹99,,?q=household&nc=as
"White Concentrated Cleaner - Strong, Surface Disinfectant For Household",₹99,,?q=household&nc=as
Reusable Pair Of Non-Slip Scrubbing Household Silicone Gloves Standard Size - Assorted Colour,₹959,,?q=household&nc=as
"Multipurpose Gloves - Ideal For Everyday Household Cleaning, Pink, Large",₹89,,?q=household&nc=as
"Multipurpose Gloves - Ideal For Everyday Household Cleaning, Pink, Medium",₹99,,?q=household&nc=as
"Household Gloves - Stretchable, Durable, Small Size",₹115,,?q=household&nc=as
ShineX Glass & Household Cleaner,₹90,,?q=household&nc=as
"Sponge Cloths - Anti-Bacterial, Ideal For Wiping In Kitchen, Household Cleaning",₹179,,?q=household&nc=as
Clean Home PCBL 4 Steps Household Ladder,₹3499,,?q=household&nc=as
"Household Candle 65 B - Sturdy, White Colour",₹75,,?q=household&nc=as
"Household Candle 27 B - Sturdy, White Colour",,,?q=household&nc=as
"Cleaning Glove Set - Protects Hands From Harmful Household Chemicals, M",,,?q=household&nc=as
"Cleaning Glove Set 42634 - Protect Hands From Harmful Household Chemicals, L",,,?q=household&nc=as
Household Cotton Braided Doormat - Black,,,?q=household&nc=as
"Glass & Surface Cleaner Liquid Spray, Regular",₹304.29,12% OFF,?q=household&nc=as
Allfix Clear & Non-Staining All Purpose Adhesive,₹98,₹2 OFF,?q=household&nc=as
Microfibre Kitchen & Household Cleaning Cloth Set,₹290,15% OFF,?q=household&nc=as
"All Purpose Scissor - Multifunctional Kitchen/Household/Garden, 8.3""/21 Cm",₹169,14% OFF,?q=household&nc=as
"All Purpose Scissor For General Household - 5.5""/14 Cm, Yellow, Use In Kitchen & Stationery",₹99,13% OFF,?q=household&nc=as
"All Purpose Scissor For General Household - 6.5""/16.5 Cm, Pink, Use In Kitchen & Stationery",₹109,38% OFF,?q=household&nc=as
"Household Kitchen Set - For Kids, Role Play Toys",₹499,19% OFF,?q=household&nc=as
Household Scrubber Brush,₹500,19% OFF,?q=household&nc=as
"Anti Bacterial Household Surface - 40%Extra free, Imported",₹269,11% OFF,?q=household&nc=as
"All Purpose Scissor For Household With Thick Blade - 8.5""/21.5 Cm, Yellow, Use In Kitchen & Stationery",₹199,19% OFF,?q=household&nc=as
"All Purpose Multifunctional Kitchen/Household/Garden Scissor - 8""/20 Cm, Use In Kitchen & Stationery",₹299,19% OFF,?q=household&nc=as
"Household Candle 40 B - Sturdy, White Colour",₹46,21% OFF,?q=household&nc=as
"Household Candle 27 C - Sturdy, White Colour",₹31,₹40 OFF,?q=household&nc=as
"Household Candle 98 D - Sturdy, White Colour",₹113,29% OFF,?q=household&nc=as
"Micro Mitt Duster - Dust Magnet, For Household Cleaning",₹329,15% OFF,?q=household&nc=as
"All Purpose Scissor For Household With Thick Blade - 7.5""/19 Cm, Yellow, Use In Kitchen & Stationery",₹169,30% OFF,?q=household&nc=as
All Purpose Household Cleaner,₹85,,?q=household&nc=as
Glass & Household Cleaner - Trigger Bottle,₹265.58,,?q=household&nc=as
"Glass & Household Cleaner - Provides Ultra Shine, For Mirrors, Slabs, Surfaces",₹159,,?q=household&nc=as
Big size Household stick candles,₹499,,?q=household&nc=as
"All Purpose Scissor For Household With Thick Blade - 7.5""/19 Cm, Pink, Use In Kitchen & Stationery",₹169,,?q=household&nc=as
Kitchen & Household Daily Cleaning - Reusable Cloth,₹180,,?q=household&nc=as
Household Scissors Set,₹720,,?q=household&nc=as
"All Purpose Scissor For Household With Thick Blade - 8.5""/21.5 Cm, Pink, Use In Kitchen & Stationery",₹199,,?q=household&nc=as
"Household Candle 27 A - Sturdy, White Colour",₹31,,?q=household&nc=as
Kitchen & Household Cloth,₹150,,?q=household&nc=as
"All Purpose Scissor For General Household - 6.5""/16.5 Cm, Yellow, Use In Kitchen & Stationery",₹99,,?q=household&nc=as
"White Concentrated Cleaner - Strong, Surface Disinfectant For Household",₹99,,?q=household&nc=as
Reusable Pair Of Non-Slip Scrubbing Household Silicone Gloves Standard Size - Assorted Colour,₹959,,?q=household&nc=as
"Multipurpose Gloves - Ideal For Everyday Household Cleaning, Pink, Large",₹89,,?q=household&nc=as
"Multipurpose Gloves - Ideal For Everyday Household Cleaning, Pink, Medium",₹99,,?q=household&nc=as
"Household Gloves - Stretchable, Durable, Small Size",₹115,,?q=household&nc=as
ShineX Glass & Household Cleaner,₹90,,?q=household&nc=as
"Sponge Cloths - Anti-Bacterial, Ideal For Wiping In Kitchen, Household Cleaning",₹179,,?q=household&nc=as
Clean Home PCBL 4 Steps Household Ladder,₹3499,,?q=household&nc=as
"Household Candle 65 B - Sturdy, White Colour",₹75,,?q=household&nc=as
"Household Candle 27 B - Sturdy, White Colour",,,?q=household&nc=as
"Cleaning Glove Set - Protects Hands From Harmful Household Chemicals, M",,,?q=household&nc=as
"Cleaning Glove Set 42634 - Protect Hands From Harmful Household Chemicals, L",,,?q=household&nc=as
Household Cotton Braided Doormat - Black,,,?q=household&nc=as
Specialist Skin Care Oil,₹2031.12,22% OFF,?q=personal+care&nc=as
Double Side Cotton Pads,₹149,₹55 OFF,?q=personal+care&nc=as
Stand & Pee Biodegradable Urination Funnel For Women - Prevents Infection,₹299,5% OFF,?q=personal+care&nc=as
"Lady Bladder Control Pads - Plus, Leakproof, Eliminates Odour",₹494.1,12% OFF,?q=personal+care&nc=as
Super Soft Premium Disposable Maternity Breast Pads (36 Pads),₹449,₹30 OFF,?q=personal+care&nc=as
Complete Care Pregnancy Gift Box,₹1689,25% OFF,?q=personal+care&nc=as
For Moms - Nipple Care Butter,₹76,17% OFF,?q=personal+care&nc=as
Intimate Wash,₹550,₹80 OFF,?q=personal+care&nc=as
Lady Slim Bladder Control Pads - Extra,₹351.12,₹80 OFF,?q=personal+care&nc=as
Natural Nipple Butter For Breastfeeding Moms,₹269.1,30% OFF,?q=personal+care&nc=as
"Cotton Buds - Made With Natural Fibres, Soft",₹99,42% OFF,?q=personal+care&nc=as
LMN BB 433 Fragrance Oil - Lemon,₹45,42% OFF,?q=personal+care&nc=as
Washable Cotton Maternity Breast Pads - White,₹370.69,42% OFF,?q=personal+care&nc=as
Love is in the Air Aroma Oil,₹720,₹40 OFF,?q=personal+care&nc=as
Aroma Oil Festive Box,₹1500,,?q=personal+care&nc=as
Walk in the Wood Aroma Oil,₹720,,?q=personal+care&nc=as
"Stretch Mark Toning Butter - Coconut & Haldi, Ayurvedic, Enhances Skin Elasticity",₹749,,?q=personal+care&nc=as
"Stretch Mark Cream - Pure, Gentle & Safe, Moisturises Skin, Reduces Itching",₹518,,?q=personal+care&nc=as
"Mini Mother Care Kit - Stretch Mark Cream, 30 g & Methi Hair Oil 30 ml, Paraben & Toxin Free",₹198,,?q=personal+care&nc=as
Stretch Marks Skin Bio Therapy Oil - For All Skin Types,₹350,,?q=personal+care&nc=as
"Waist Girdle, Small",₹1050,,?q=personal+care&nc=as
"Soothing Nipple Butter Cream - No Chemicals, Vegan, For Breast Feeding Moms",₹449,,?q=personal+care&nc=as
MSK BB 434 Fragrance Oil - Musk,₹35,,?q=personal+care&nc=as
Fragrance-Scented Oil - Sandalwood SNDLWD BB 434,₹35,,?q=personal+care&nc=as
"Mother Baby Care Combo - Stretch Marks Cream, Methi Seed Hair Oil & Baby Massage Oil",₹297,,?q=personal+care&nc=as
"Stretch Mark Cream, 30 g & Baby Massage Oil, 30 ml - Pure, Gentle & Safe, No Parabens",₹198,,?q=personal+care&nc=as
"Stretch Mark Serum - Evens Out Skin Tones, For Pregnancy Stretch Marks & Scars",₹549,,?q=personal+care&nc=as
Retone Nipple Depigmenting Serum - Cherry Blossom & Coconut Oil,₹599,,?q=personal+care&nc=as
"Natural Anti-Cellulite Toning Body Oil - Coffee, Turmeric & Ginger Oil, Tightens, Firms, Tones Skin",₹546,,?q=personal+care&nc=as
"Mini Mother Baby Care Combo - Baby Massage Oil & Methi Hair Oil, Paraben & Toxin Free",₹198,,?q=personal+care&nc=as
"Release Breast Destressing Oil - With Lavender & Rosehip Oil, Relaxes",₹249,,?q=personal+care&nc=as
Aroma Oil - Soulgreen,₹800,,?q=personal+care&nc=as
ROSE BB 434 Fragrance Oil - Rose,₹35,,?q=personal+care&nc=as
"Liquid Disinfectant for Floor Cleaner, Surface Disinfection, Personal Hygiene - Lavender Blossom",₹1087.56,,?q=personal+care&nc=as
"For Moms - Soothing Body Butter, Jasmine",,,?q=personal+care&nc=as
"Refirm Breast Toning Oil - Apricot & Sea Buckthorn, Regains Lost Elasticity",,,?q=personal+care&nc=as
"Stretch Mark Massage Oil - Herbal Blend, Ayurvedic, Removes Scars & Hydrates Skin",,,?q=personal+care&nc=as
"Relief Nipple Soothening Oil - Avocado & Eucalyptus Oil, Reduces Pain",,,?q=personal+care&nc=as
Vitamin E - Belly Butter,,,?q=personal+care&nc=as
Moisture Rich Rose Soap - For Moms,,,?q=personal+care&nc=as
Specialist Skin Care Oil,₹2031.12,22% OFF,?q=personal+care&nc=as
Double Side Cotton Pads,₹149,₹55 OFF,?q=personal+care&nc=as
Stand & Pee Biodegradable Urination Funnel For Women - Prevents Infection,₹299,5% OFF,?q=personal+care&nc=as
"Lady Bladder Control Pads - Plus, Leakproof, Eliminates Odour",₹494.1,12% OFF,?q=personal+care&nc=as
Super Soft Premium Disposable Maternity Breast Pads (36 Pads),₹449,₹30 OFF,?q=personal+care&nc=as
Complete Care Pregnancy Gift Box,₹1689,25% OFF,?q=personal+care&nc=as
For Moms - Nipple Care Butter,₹76,17% OFF,?q=personal+care&nc=as
Intimate Wash,₹550,₹80 OFF,?q=personal+care&nc=as
Lady Slim Bladder Control Pads - Extra,₹351.12,₹80 OFF,?q=personal+care&nc=as
Natural Nipple Butter For Breastfeeding Moms,₹269.1,30% OFF,?q=personal+care&nc=as
"Cotton Buds - Made With Natural Fibres, Soft",₹99,42% OFF,?q=personal+care&nc=as
LMN BB 433 Fragrance Oil - Lemon,₹45,42% OFF,?q=personal+care&nc=as
Washable Cotton Maternity Breast Pads - White,₹370.69,42% OFF,?q=personal+care&nc=as
Love is in the Air Aroma Oil,₹720,₹40 OFF,?q=personal+care&nc=as
Aroma Oil Festive Box,₹1500,₹252 OFF,?q=personal+care&nc=as
Walk in the Wood Aroma Oil,₹720,12% OFF,?q=personal+care&nc=as
"Stretch Mark Toning Butter - Coconut & Haldi, Ayurvedic, Enhances Skin Elasticity",₹749,,?q=personal+care&nc=as
"Stretch Mark Cream - Pure, Gentle & Safe, Moisturises Skin, Reduces Itching",₹518,,?q=personal+care&nc=as
"Mini Mother Care Kit - Stretch Mark Cream, 30 g & Methi Hair Oil 30 ml, Paraben & Toxin Free",₹198,,?q=personal+care&nc=as
Stretch Marks Skin Bio Therapy Oil - For All Skin Types,₹350,,?q=personal+care&nc=as
"Waist Girdle, Small",₹1050,,?q=personal+care&nc=as
"Soothing Nipple Butter Cream - No Chemicals, Vegan, For Breast Feeding Moms",₹449,,?q=personal+care&nc=as
MSK BB 434 Fragrance Oil - Musk,₹35,,?q=personal+care&nc=as
Fragrance-Scented Oil - Sandalwood SNDLWD BB 434,₹35,,?q=personal+care&nc=as
"Mother Baby Care Combo - Stretch Marks Cream, Methi Seed Hair Oil & Baby Massage Oil",₹297,,?q=personal+care&nc=as
"Stretch Mark Cream, 30 g & Baby Massage Oil, 30 ml - Pure, Gentle & Safe, No Parabens",₹198,,?q=personal+care&nc=as
"Stretch Mark Serum - Evens Out Skin Tones, For Pregnancy Stretch Marks & Scars",₹549,,?q=personal+care&nc=as
Retone Nipple Depigmenting Serum - Cherry Blossom & Coconut Oil,₹599,,?q=personal+care&nc=as
"Natural Anti-Cellulite Toning Body Oil - Coffee, Turmeric & Ginger Oil, Tightens, Firms, Tones Skin",₹546,,?q=personal+care&nc=as
"Mini Mother Baby Care Combo - Baby Massage Oil & Methi Hair Oil, Paraben & Toxin Free",₹198,,?q=personal+care&nc=as
"Release Breast Destressing Oil - With Lavender & Rosehip Oil, Relaxes",₹249,,?q=personal+care&nc=as
Aroma Oil - Soulgreen,₹800,,?q=personal+care&nc=as
ROSE BB 434 Fragrance Oil - Rose,₹35,,?q=personal+care&nc=as
"Liquid Disinfectant for Floor Cleaner, Surface Disinfection, Personal Hygiene - Lavender Blossom",₹1087.56,,?q=personal+care&nc=as
"For Moms - Soothing Body Butter, Jasmine",,,?q=personal+care&nc=as
"Refirm Breast Toning Oil - Apricot & Sea Buckthorn, Regains Lost Elasticity",,,?q=personal+care&nc=as
"Stretch Mark Massage Oil - Herbal Blend, Ayurvedic, Removes Scars & Hydrates Skin",,,?q=personal+care&nc=as
"Relief Nipple Soothening Oil - Avocado & Eucalyptus Oil, Reduces Pain",,,?q=personal+care&nc=as
Vitamin E - Belly Butter,,,?q=personal+care&nc=as
Moisture Rich Rose Soap - For Moms,,,?q=personal+care&nc=as
For Moms - Toning Masage Oil,,,?q=personal+care&nc=as
Moisture Rich Jasmine Soap - For Moms,,,?q=personal+care&nc=as
Stretch Mark Oil - For Moms,,,?q=personal+care&nc=as
Stretch Mark Cream - For Moms,,,?q=personal+care&nc=as
Body Butter - Divine Cocoa,,,?q=personal+care&nc=as
"For Moms - Soothing Body Butter, Lavender",,,?q=personal+care&nc=as
Natural Stretch Marks Bundle,,,?q=personal+care&nc=as
Aroma Oil - Midnight Jasmine,,,?q=personal+care&nc=as
"Intimate Secure Wash - Sea Buckthorn & Witch Hazel, For Female Personal Hygiene",,,?q=personal+care&nc=as
"Color Baby Walker/Rocker, Bf 880 - Blue",,,?q=personal+care&nc=as
"Color Pregnancy Pillow, Bf 604 - Blue",,,?q=personal+care&nc=as
"Disposable Breast Pads, Bf 634A",,,?q=personal+care&nc=as
"Washable Cotton Maternity Breast Pads - Pink,",,,?q=personal+care&nc=as
Nursing Pads - Anti Bacterial Absorb,,,?q=personal+care&nc=as
"Post Natal Magnetic Maternity Support Corset Belt - Large, Pink",,,?q=personal+care&nc=as
"Color Pregnancy Pillow, Bf 604 - Green",,,?q=personal+care&nc=as
"Lady Slim Bladder Control Pads - Normal, Leakproof, Eliminates Odour",,,?q=personal+care&nc=as
"Natural Hygiene Intimate Spray - Dermatologically Tested, Long Lasting",,,?q=personal+care&nc=as
"Waist Girdle - Medium, Bf 600M",,,?q=personal+care&nc=as
"Maternity Belt, Breathable Design, Bf 601",,,?q=personal+care&nc=as
"Waist Girdle - Large, Bf 600L",,,?q=personal+care&nc=as
Frozen Mutton - Keema,₹480,35% OFF,?q=meat&nc=as
Chicken Meatballs,₹365,₹51 OFF,?q=meat&nc=as
Mutton - Mince,₹488,23% OFF,?q=meat&nc=as
Mutton - Boneless,₹488,16% OFF,?q=meat&nc=as
Premium Mutton Mince,₹540,28% OFF,?q=meat&nc=as
Mutton - Sheekh Kabab,₹375,40% OFF,?q=meat&nc=as
"Mutton Seekh Kabab - 100% Halal Product, No Added Colours, Ready To Cook",₹540,40% OFF,?q=meat&nc=as
Mutton Mince,₹549,,?q=meat&nc=as
"Mutton Tandoori Seekh Kabab - 100% Halal Product, No Added Colours, Ready To Cook",₹540,,?q=meat&nc=as
Mutton Seekh Kabab,₹510,,?q=meat&nc=as
"Mutton Hariyali Seekh Kabab - 100% Halal Product, No Added Colours, Ready To Cook",₹540,,?q=meat&nc=as
Frozen Mutton - Boneless,₹640,,?q=meat&nc=as
Lamb Rack Cap Off - New Zealand,₹5199,,?q=meat&nc=as
Lamb Leg Bone In - New Zealand,₹5099,,?q=meat&nc=as
"Mutton Seekh Kabab/Kebab, Punjabi",₹390,,?q=meat&nc=as
Mutton Seekh Kebab,₹499,,?q=meat&nc=as
Mutton - Seekh Kebab,₹610,,?q=meat&nc=as
Mutton Kakori Kebab,₹250,,?q=meat&nc=as
Mutton Curry Cuts,₹499,,?q=meat&nc=as
Premium Mutton Mexican Samosa,₹195,,?q=meat&nc=as
Premium Mutton Bhuna Samosa,₹195,,?q=meat&nc=as
Frozen Mutton - Curry Cut,₹480,,?q=meat&nc=as
Premium Mutton Cubes,₹690,,?q=meat&nc=as
Premium Mutton Chops,₹530,,?q=meat&nc=as
Premium Mutton Curry Cut,₹460,,?q=meat&nc=as
Mutton Biryani Cut,₹549,,?q=meat&nc=as
Mutton Pure Fat,₹189,,?q=meat&nc=as
Frozen Mutton - Biryani Cut,₹480,,?q=meat&nc=as
Masala - Meat,₹191,,?q=meat&nc=as
Meat Masala Powder With Natural Oils,₹81.48,,?q=meat&nc=as
"Meat Masala - Perfect Colour, No Artificial Flavours & Preservatives",₹55,,?q=meat&nc=as
Masala - Meat,₹92,,?q=meat&nc=as
Meat Masala,₹108,,?q=meat&nc=as
"Lush Hariyali Chicken Tikka, Marinated",₹99,,?q=meat&nc=as
"Malai Chicken Tikka, Marinated",₹99,,?q=meat&nc=as
"Peri Peri Chicken Cubes - Fresh & Juicy, Marinated, Ready To Cook",₹613,,?q=meat&nc=as
"Local Quail Meat - 100% Fresh, Boosts Immune System",,,?q=meat&nc=as
Himalayan Goat Meat - Assorted Curry Cuts,,,?q=meat&nc=as
Keema Muttar Curry,,,?q=meat&nc=as
Raw Freshly Frozen Mutton Mince,,,?q=meat&nc=as
Frozen Mutton - Keema,₹480,35% OFF,?q=meat&nc=as
Chicken Meatballs,₹365,₹51 OFF,?q=meat&nc=as
Mutton - Mince,₹488,23% OFF,?q=meat&nc=as
Mutton - Boneless,₹488,16% OFF,?q=meat&nc=as
Premium Mutton Mince,₹540,28% OFF,?q=meat&nc=as
Mutton - Sheekh Kabab,₹375,40% OFF,?q=meat&nc=as
"Mutton Seekh Kabab - 100% Halal Product, No Added Colours, Ready To Cook",₹540,40% OFF,?q=meat&nc=as
Mutton Mince,₹549,,?q=meat&nc=as
"Mutton Tandoori Seekh Kabab - 100% Halal Product, No Added Colours, Ready To Cook",₹540,,?q=meat&nc=as
Mutton Seekh Kabab,₹510,,?q=meat&nc=as
"Mutton Hariyali Seekh Kabab - 100% Halal Product, No Added Colours, Ready To Cook",₹540,,?q=meat&nc=as
Frozen Mutton - Boneless,₹640,,?q=meat&nc=as
Lamb Rack Cap Off - New Zealand,₹5199,,?q=meat&nc=as
Lamb Leg Bone In - New Zealand,₹5099,,?q=meat&nc=as
"Mutton Seekh Kabab/Kebab, Punjabi",₹390,,?q=meat&nc=as
Mutton Seekh Kebab,₹499,,?q=meat&nc=as
Mutton - Seekh Kebab,₹610,,?q=meat&nc=as
Mutton Kakori Kebab,₹250,,?q=meat&nc=as
Mutton Curry Cuts,₹499,,?q=meat&nc=as
Premium Mutton Mexican Samosa,₹195,,?q=meat&nc=as
Premium Mutton Bhuna Samosa,₹195,,?q=meat&nc=as
Frozen Mutton - Curry Cut,₹480,,?q=meat&nc=as
Premium Mutton Cubes,₹690,,?q=meat&nc=as
Premium Mutton Chops,₹530,,?q=meat&nc=as
Premium Mutton Curry Cut,₹460,,?q=meat&nc=as
Mutton Biryani Cut,₹549,,?q=meat&nc=as
Mutton Pure Fat,₹189,,?q=meat&nc=as
Frozen Mutton - Biryani Cut,₹480,,?q=meat&nc=as
Masala - Meat,₹191,,?q=meat&nc=as
Meat Masala Powder With Natural Oils,₹81.48,,?q=meat&nc=as
"Meat Masala - Perfect Colour, No Artificial Flavours & Preservatives",₹55,,?q=meat&nc=as
Masala - Meat,₹92,,?q=meat&nc=as
Meat Masala,₹108,,?q=meat&nc=as
"Lush Hariyali Chicken Tikka, Marinated",₹99,,?q=meat&nc=as
"Malai Chicken Tikka, Marinated",₹99,,?q=meat&nc=as
"Peri Peri Chicken Cubes - Fresh & Juicy, Marinated, Ready To Cook",₹613,,?q=meat&nc=as
"Local Quail Meat - 100% Fresh, Boosts Immune System",,,?q=meat&nc=as
Himalayan Goat Meat - Assorted Curry Cuts,,,?q=meat&nc=as
Keema Muttar Curry,,,?q=meat&nc=as
Raw Freshly Frozen Mutton Mince,,,?q=meat&nc=as
Organic Fish Masala,₹97.5,25% OFF,?q=fish&nc=as
Rohu Fish Curry Cut/Bengali Cut With Head,₹149,28% OFF,?q=fish&nc=as
"Peri Peri Basa Fish Steak, Marinated",₹99,40% OFF,?q=fish&nc=as
Catla Fish Curry Cut/Bengali Cut Without Head,₹529,23% OFF,?q=fish&nc=as
Mackerel Fish (Large) - Curry Cut/Bengali Cut,₹579,23% OFF,?q=fish&nc=as
Tilapia Fish Curry Cut,₹109,23% OFF,?q=fish&nc=as
Classic Hariyali Rohu Fish Steak,₹139,20% OFF,?q=fish&nc=as
Roopchanda Fish Curry Cut,₹189,23% OFF,?q=fish&nc=as
"Sardine Fish-Large, Whole Cleaned",₹379,17% OFF,?q=fish&nc=as
Basa Fish Fillet,₹649,23% OFF,?q=fish&nc=as
Basa Fish Curry Cut,₹129,23% OFF,?q=fish&nc=as
"Tandoori Catla Fish Steak, Marinated",₹129,40% OFF,?q=fish&nc=as
Burger Patty - Tilapia Fish,₹245,23% OFF,?q=fish&nc=as
"Dry Fish Nathli/Anchovies-Big, Salted, With Head",₹95,11% OFF,?q=fish&nc=as
Pink Perch Fish - Cleaned & Whole,₹829,28% OFF,?q=fish&nc=as
White Prawns Peeled & De-Veined,₹659,15% OFF,?q=fish&nc=as
"Lush Hariyali Fish Tikka, Marinated",₹159,15% OFF,?q=fish&nc=as
"Fish Masala - Perfect Colour, Smell, Taste, Aromatic Spices",₹44,23% OFF,?q=fish&nc=as
"Peri Peri Chicken Cubes - Fresh & Juicy, Marinated, Ready To Cook",₹613,5% OFF,?q=fish&nc=as
Ready To Eat Kerala Fish Curry - With Coconut Milk,₹144.5,₹42 OFF,?q=fish&nc=as
Ready To Eat Kerala Fish Curry,₹153,31% OFF,?q=fish&nc=as
Basa Fish - Fillet Chunks,₹325,23% OFF,?q=fish&nc=as
Tuna Fish Boneless,₹289,32% OFF,?q=fish&nc=as
Bombay Duck,₹110,40% OFF,?q=fish&nc=as
Masala - Fish Fry,₹35.15,23% OFF,?q=fish&nc=as
Fresh Catch Basa Fish Fillets,₹487.6,,?q=fish&nc=as
"Dry Fish, Salted, Cleaned & Cut",₹80,,?q=fish&nc=as
Catla Fish Steaks/Slice,₹169,,?q=fish&nc=as
"Mackerel Fish-Medium, Whole Cleaned",₹269,,?q=fish&nc=as
Fresh Catch Basa Fish Portions,₹320,,?q=fish&nc=as
"Dry Fish Nathli/Anchovies-Big, Spicy",₹175,,?q=fish&nc=as
"Dry Fish Prawns-Big, Salted",₹125,,?q=fish&nc=as
Frozen Tilapia Fish Fillet,₹190,,?q=fish&nc=as
Rohu Fish Steak-Large,₹159,,?q=fish&nc=as
Fish Fingers,₹700,,?q=fish&nc=as
"Amritsari Achari Fish Tikka, Marinated",₹129,,?q=fish&nc=as
Nathili,₹80,,?q=fish&nc=as
"Dry Fish Nathli/Anchovies-Small, Salted",₹85,,?q=fish&nc=as
"Fish Masala - With Unique Blend Of Spices, Flavourful",₹80,,?q=fish&nc=as
Shark,₹80,,?q=fish&nc=as
Tilapia Fish Cleaned & Processed,₹299,,?q=fish&nc=as
Organic Fish Masala,₹97.5,25% OFF,?q=fish&nc=as
Rohu Fish Curry Cut/Bengali Cut With Head,₹149,28% OFF,?q=fish&nc=as
"Peri Peri Basa Fish Steak, Marinated",₹99,40% OFF,?q=fish&nc=as
Catla Fish Curry Cut/Bengali Cut Without Head,₹529,23% OFF,?q=fish&nc=as
Mackerel Fish (Large) - Curry Cut/Bengali Cut,₹579,23% OFF,?q=fish&nc=as
Tilapia Fish Curry Cut,₹109,23% OFF,?q=fish&nc=as
Classic Hariyali Rohu Fish Steak,₹139,20% OFF,?q=fish&nc=as
Roopchanda Fish Curry Cut,₹189,23% OFF,?q=fish&nc=as
"Sardine Fish-Large, Whole Cleaned",₹379,17% OFF,?q=fish&nc=as
Basa Fish Fillet,₹649,23% OFF,?q=fish&nc=as
Basa Fish Curry Cut,₹129,23% OFF,?q=fish&nc=as
"Tandoori Catla Fish Steak, Marinated",₹129,40% OFF,?q=fish&nc=as
Burger Patty - Tilapia Fish,₹245,23% OFF,?q=fish&nc=as
"Dry Fish Nathli/Anchovies-Big, Salted, With Head",₹95,11% OFF,?q=fish&nc=as
Pink Perch Fish - Cleaned & Whole,₹829,28% OFF,?q=fish&nc=as
White Prawns Peeled & De-Veined,₹659,15% OFF,?q=fish&nc=as
"Lush Hariyali Fish Tikka, Marinated",₹159,15% OFF,?q=fish&nc=as
"Fish Masala - Perfect Colour, Smell, Taste, Aromatic Spices",₹44,23% OFF,?q=fish&nc=as
"Peri Peri Chicken Cubes - Fresh & Juicy, Marinated, Ready To Cook",₹613,5% OFF,?q=fish&nc=as
Ready To Eat Kerala Fish Curry - With Coconut Milk,₹144.5,₹42 OFF,?q=fish&nc=as
Ready To Eat Kerala Fish Curry,₹153,31% OFF,?q=fish&nc=as
Basa Fish - Fillet Chunks,₹325,23% OFF,?q=fish&nc=as
Tuna Fish Boneless,₹289,32% OFF,?q=fish&nc=as
Bombay Duck,₹110,40% OFF,?q=fish&nc=as
Masala - Fish Fry,₹35.15,23% OFF,?q=fish&nc=as
Fresh Catch Basa Fish Fillets,₹487.6,,?q=fish&nc=as
"Dry Fish, Salted, Cleaned & Cut",₹80,,?q=fish&nc=as
Catla Fish Steaks/Slice,₹169,,?q=fish&nc=as
"Mackerel Fish-Medium, Whole Cleaned",₹269,,?q=fish&nc=as
Fresh Catch Basa Fish Portions,₹320,,?q=fish&nc=as
"Dry Fish Nathli/Anchovies-Big, Spicy",₹175,,?q=fish&nc=as
"Dry Fish Prawns-Big, Salted",₹125,,?q=fish&nc=as
Frozen Tilapia Fish Fillet,₹190,,?q=fish&nc=as
Rohu Fish Steak-Large,₹159,,?q=fish&nc=as
Fish Fingers,₹700,,?q=fish&nc=as
"Amritsari Achari Fish Tikka, Marinated",₹129,,?q=fish&nc=as
Nathili,₹80,,?q=fish&nc=as
"Dry Fish Nathli/Anchovies-Small, Salted",₹85,,?q=fish&nc=as
"Fish Masala - With Unique Blend Of Spices, Flavourful",₹80,,?q=fish&nc=as
Shark,₹80,,?q=fish&nc=as
Tilapia Fish Cleaned & Processed,₹299,,?q=fish&nc=as
"Farm Eggs, Regular",₹209,39% OFF,?q=eggs&nc=as
Farm Fresh White Eggs,₹293.3,30% OFF,?q=eggs&nc=as
Free Range Eggs,₹569,49% OFF,?q=eggs&nc=as
Plus Eggs,₹156,₹16 OFF,?q=eggs&nc=as
"Farm Eggs-Medium, Brown",₹133,15% OFF,?q=eggs&nc=as
Nutri+ With Immunity Boosters,₹308.75,20% OFF,?q=eggs&nc=as
"Eggs - Wholesome, Rich In Protein, Vitamins & Amino Acids",₹110,₹26 OFF,?q=eggs&nc=as
With Vitamin D3,₹292,11% OFF,?q=eggs&nc=as
"Healthy Brown Eggs - Large, Rich In Protein, Great For Bones",₹430,₹31 OFF,?q=eggs&nc=as
Country Cage Free Eggs-Medium,₹110,30% OFF,?q=eggs&nc=as
Eggs,₹88,31% OFF,?q=eggs&nc=as
Organic Eggs - Easy To Digest,₹200,30% OFF,?q=eggs&nc=as
"Country (Desi) Eggs - Small, Antibiotic Residue-Free",₹500,₹49 OFF,?q=eggs&nc=as
Brown & White Egg Combo,₹324,,?q=eggs&nc=as
Gold+ - With Immunity Boosters,₹98,,?q=eggs&nc=as
"Specialty Eggs For Nourishment, Healthy & Tasty",₹140,,?q=eggs&nc=as
The Good Eggs Cage Free Eggs,₹129,,?q=eggs&nc=as
"Farm Eggs-Jumbo, Brown",₹115,,?q=eggs&nc=as
"Healthy White Eggs - Daily, Large, Rich In Protein, Great For Bones",₹370,,?q=eggs&nc=as
"Brown Eggs Wholesome, Rich In Protein, Vitamins & Amino Acids",₹80,,?q=eggs&nc=as
Country & White Egg Combo,₹319,,?q=eggs&nc=as
Free Range Brown Eggs,₹107,,?q=eggs&nc=as
"Specialty Eggs Shakti, Protein Rich",₹85,,?q=eggs&nc=as
Brown Eggs,₹95,,?q=eggs&nc=as
Farm Fresh Brown Eggs,₹91,,?q=eggs&nc=as
Farm Quail Eggs-Small,₹85,,?q=eggs&nc=as
Nutritious Eggs,₹185,,?q=eggs&nc=as
Fresh Eggs,₹377,,?q=eggs&nc=as
"Specialty Eggs With Vitamin D, For Energy",₹100,,?q=eggs&nc=as
Egg White - Liquid,₹105,,?q=eggs&nc=as
"Nutrition Nutra Eggs - Rich In Omega 3, Vitamin D and B12",₹115.5,,?q=eggs&nc=as
"Country/Desi Eggs-Medium, Kadaknath",₹150,,?q=eggs&nc=as
Brown Eggs,₹471,,?q=eggs&nc=as
Duck Eggs,₹750,,?q=eggs&nc=as
"D.O.S.E with Immunity Boosters, 100% antibiotic free",₹441,,?q=eggs&nc=as
Free Range Eggs - Omega 3,₹150,,?q=eggs&nc=as
Eggs With Omega 3 & Vitamin E For Healthy Heart,₹100,,?q=eggs&nc=as
Eggs - Premium,₹50,,?q=eggs&nc=as
Fresh Eggs,₹189,,?q=eggs&nc=as
Brown Eggs,₹80,,?q=eggs&nc=as
"Farm Eggs, Regular",₹209,39% OFF,?q=eggs&nc=as
Farm Fresh White Eggs,₹293.3,30% OFF,?q=eggs&nc=as
Free Range Eggs,₹569,49% OFF,?q=eggs&nc=as
Plus Eggs,₹156,₹16 OFF,?q=eggs&nc=as
"Farm Eggs-Medium, Brown",₹133,15% OFF,?q=eggs&nc=as
Nutri+ With Immunity Boosters,₹308.75,20% OFF,?q=eggs&nc=as
"Eggs - Wholesome, Rich In Protein, Vitamins & Amino Acids",₹110,₹26 OFF,?q=eggs&nc=as
With Vitamin D3,₹292,11% OFF,?q=eggs&nc=as
"Healthy Brown Eggs - Large, Rich In Protein, Great For Bones",₹430,₹31 OFF,?q=eggs&nc=as
Country Cage Free Eggs-Medium,₹110,30% OFF,?q=eggs&nc=as
Eggs,₹88,31% OFF,?q=eggs&nc=as
Organic Eggs - Easy To Digest,₹200,30% OFF,?q=eggs&nc=as
"Country (Desi) Eggs - Small, Antibiotic Residue-Free",₹500,₹49 OFF,?q=eggs&nc=as
Brown & White Egg Combo,₹324,,?q=eggs&nc=as
Gold+ - With Immunity Boosters,₹98,,?q=eggs&nc=as
"Specialty Eggs For Nourishment, Healthy & Tasty",₹140,,?q=eggs&nc=as
The Good Eggs Cage Free Eggs,₹129,,?q=eggs&nc=as
"Farm Eggs-Jumbo, Brown",₹115,,?q=eggs&nc=as
"Healthy White Eggs - Daily, Large, Rich In Protein, Great For Bones",₹370,,?q=eggs&nc=as
"Brown Eggs Wholesome, Rich In Protein, Vitamins & Amino Acids",₹80,,?q=eggs&nc=as
Country & White Egg Combo,₹319,,?q=eggs&nc=as
Free Range Brown Eggs,₹107,,?q=eggs&nc=as
"Specialty Eggs Shakti, Protein Rich",₹85,,?q=eggs&nc=as
Brown Eggs,₹95,,?q=eggs&nc=as
Farm Fresh Brown Eggs,₹91,,?q=eggs&nc=as
Farm Quail Eggs-Small,₹85,,?q=eggs&nc=as
Nutritious Eggs,₹185,,?q=eggs&nc=as
Fresh Eggs,₹377,,?q=eggs&nc=as
"Specialty Eggs With Vitamin D, For Energy",₹100,,?q=eggs&nc=as
Egg White - Liquid,₹105,,?q=eggs&nc=as
"Nutrition Nutra Eggs - Rich In Omega 3, Vitamin D and B12",₹115.5,,?q=eggs&nc=as
"Country/Desi Eggs-Medium, Kadaknath",₹150,,?q=eggs&nc=as
Brown Eggs,₹471,,?q=eggs&nc=as
Duck Eggs,₹750,,?q=eggs&nc=as
"D.O.S.E with Immunity Boosters, 100% antibiotic free",₹441,,?q=eggs&nc=as
Free Range Eggs - Omega 3,₹150,,?q=eggs&nc=as
Eggs With Omega 3 & Vitamin E For Healthy Heart,₹100,,?q=eggs&nc=as
Eggs - Premium,₹50,,?q=eggs&nc=as
Fresh Eggs,₹189,,?q=eggs&nc=as
Brown Eggs,₹80,,?q=eggs&nc=as
Bakery Biscuit - Ajwain,₹155,6% OFF,?q=bakery&nc=as
Swiss Roll - Single,₹28.2,25% OFF,?q=bakery&nc=as
Traditional Jeera Bakery Biscuits,₹155,22% OFF,?q=bakery&nc=as
Ragi Crackers - Baked Crunchy Ragi Chips Loaded With Roasted Garlic,₹129,₹16 OFF,?q=bakery&nc=as
Cashew Biscuits,₹180,55% OFF,?q=bakery&nc=as
Better Bakes Lemon Blueberry Cake - For Immune Defence,₹75,47% OFF,?q=bakery&nc=as
Biscuits - Chai,₹180,₹16 OFF,?q=bakery&nc=as
Toastea Premium Bake Rusk - With Real Elaichi,₹156,2% OFF,?q=bakery&nc=as
Bakery Biscuit - Fruit Jam,₹139.5,29% OFF,?q=bakery&nc=as
Bakery Biscuit - Choco Chips,₹155,14% OFF,?q=bakery&nc=as
Garlic & Herb Croutons Bites,₹49,43% OFF,?q=bakery&nc=as
Spicy Cheese Straw,₹138,₹30 OFF,?q=bakery&nc=as
Green Pista,₹210,25% OFF,?q=bakery&nc=as
Bakery Biscuit - Tooti Fruity,₹139.5,18% OFF,?q=bakery&nc=as
Double Delight Badam Pista & Fruit Biscuit,₹210,43% OFF,?q=bakery&nc=as
Bakery Biscuit - Rich Coconut,₹155,₹30 OFF,?q=bakery&nc=as
Custard Powder - Vanilla Flavour,₹150,₹38 OFF,?q=bakery&nc=as
Cheese Bakes,₹60,10% OFF,?q=bakery&nc=as
Baking Soda,₹33,12% OFF,?q=bakery&nc=as
"Baking Powder - Double Action Baking Powder, For Light & Fluffy Cakes, Pastries, Naans, Dhoklas, Cookies",₹83,25% OFF,?q=bakery&nc=as
Baking Soda,₹32,,?q=bakery&nc=as
No Rulz Masala Curlz Corn Puffs,₹128.56,,?q=bakery&nc=as
Bhakri Baked Mathri - Methi,₹69,,?q=bakery&nc=as
Crispy Baked Multi-grain Flat Bread - With Flax Seeds,₹270,,?q=bakery&nc=as
Fruit Biscuits,₹380,,?q=bakery&nc=as
"Bakes Twisties - Cheese & Herbs Flavour, Crunchy Snacks",₹50,,?q=bakery&nc=as
"Corn Chips+ - Cheese & Herbs, Popped, Not Fried Or Baked",₹100,,?q=bakery&nc=as
Triple Delight Fruit - Cashew & Osmania,₹247.5,,?q=bakery&nc=as
"Better Bakes Walnut Brownie With Ayurvedic Herbs - High Fibre, No Refined Sugar, 19g Protein",₹82,,?q=bakery&nc=as
Bhakri Baked Mathri - Ajwain,₹69,,?q=bakery&nc=as
Baked Pita Bread Crisps - Chilli & Garlic,₹270,,?q=bakery&nc=as
"Makhana - Pudina, Roasted, Water Lily Pops, Gluten-Free, Vegan",₹357.32,,?q=bakery&nc=as
"Corn Chips + Sun Dried Tomato, Popped, Not Fried Or Baked",₹100,,?q=bakery&nc=as
20-20 Cashew Cookies,₹31.5,,?q=bakery&nc=as
"Puffs - Tango, Baked & Crunchy",₹60,,?q=bakery&nc=as
"Quinoa Healthy Baked Chips - Thai Chilli, Low GI, Diabetic Friendly",₹341.33,,?q=bakery&nc=as
Better Bakes Orange Pistachio Cake - For Immune Defence,₹75,,?q=bakery&nc=as
FunFoods Eggless Bake Mix Choco Lava,₹249,,?q=bakery&nc=as
"Corn Chips+ - Salt &Truffle, Popped, Not Fried Or Baked",₹100,,?q=bakery&nc=as
"Biscutey Chocolate Creme Cookies - Teatime Snack, Baked",,,?q=bakery&nc=as
Bakery Biscuit - Ajwain,₹155,6% OFF,?q=bakery&nc=as
Swiss Roll - Single,₹28.2,25% OFF,?q=bakery&nc=as
Traditional Jeera Bakery Biscuits,₹155,22% OFF,?q=bakery&nc=as
Ragi Crackers - Baked Crunchy Ragi Chips Loaded With Roasted Garlic,₹129,₹16 OFF,?q=bakery&nc=as
Cashew Biscuits,₹180,55% OFF,?q=bakery&nc=as
Better Bakes Lemon Blueberry Cake - For Immune Defence,₹75,47% OFF,?q=bakery&nc=as
Biscuits - Chai,₹180,₹16 OFF,?q=bakery&nc=as
Toastea Premium Bake Rusk - With Real Elaichi,₹156,2% OFF,?q=bakery&nc=as
Bakery Biscuit - Fruit Jam,₹139.5,29% OFF,?q=bakery&nc=as
Bakery Biscuit - Choco Chips,₹155,14% OFF,?q=bakery&nc=as
Garlic & Herb Croutons Bites,₹49,43% OFF,?q=bakery&nc=as
Spicy Cheese Straw,₹138,₹30 OFF,?q=bakery&nc=as
Green Pista,₹210,25% OFF,?q=bakery&nc=as
Bakery Biscuit - Tooti Fruity,₹139.5,18% OFF,?q=bakery&nc=as
Double Delight Badam Pista & Fruit Biscuit,₹210,43% OFF,?q=bakery&nc=as
Bakery Biscuit - Rich Coconut,₹155,₹30 OFF,?q=bakery&nc=as
Custard Powder - Vanilla Flavour,₹150,₹38 OFF,?q=bakery&nc=as
Cheese Bakes,₹60,10% OFF,?q=bakery&nc=as
Baking Soda,₹33,12% OFF,?q=bakery&nc=as
"Baking Powder - Double Action Baking Powder, For Light & Fluffy Cakes, Pastries, Naans, Dhoklas, Cookies",₹83,25% OFF,?q=bakery&nc=as
Baking Soda,₹32,,?q=bakery&nc=as
No Rulz Masala Curlz Corn Puffs,₹128.56,,?q=bakery&nc=as
Bhakri Baked Mathri - Methi,₹69,,?q=bakery&nc=as
Crispy Baked Multi-grain Flat Bread - With Flax Seeds,₹270,,?q=bakery&nc=as
Fruit Biscuits,₹380,,?q=bakery&nc=as
"Bakes Twisties - Cheese & Herbs Flavour, Crunchy Snacks",₹50,,?q=bakery&nc=as
"Corn Chips+ - Cheese & Herbs, Popped, Not Fried Or Baked",₹100,,?q=bakery&nc=as
Triple Delight Fruit - Cashew & Osmania,₹247.5,,?q=bakery&nc=as
"Better Bakes Walnut Brownie With Ayurvedic Herbs - High Fibre, No Refined Sugar, 19g Protein",₹82,,?q=bakery&nc=as
Bhakri Baked Mathri - Ajwain,₹69,,?q=bakery&nc=as
Baked Pita Bread Crisps - Chilli & Garlic,₹270,,?q=bakery&nc=as
"Makhana - Pudina, Roasted, Water Lily Pops, Gluten-Free, Vegan",₹357.32,,?q=bakery&nc=as
"Corn Chips + Sun Dried Tomato, Popped, Not Fried Or Baked",₹100,,?q=bakery&nc=as
20-20 Cashew Cookies,₹31.5,,?q=bakery&nc=as
"Puffs - Tango, Baked & Crunchy",₹60,,?q=bakery&nc=as
"Quinoa Healthy Baked Chips - Thai Chilli, Low GI, Diabetic Friendly",₹341.33,,?q=bakery&nc=as
Better Bakes Orange Pistachio Cake - For Immune Defence,₹75,,?q=bakery&nc=as
FunFoods Eggless Bake Mix Choco Lava,₹249,,?q=bakery&nc=as
"Corn Chips+ - Salt &Truffle, Popped, Not Fried Or Baked",₹100,,?q=bakery&nc=as
"Biscutey Chocolate Creme Cookies - Teatime Snack, Baked",,,?q=bakery&nc=as
Bengaluru Special Mixture,₹164.99,50% OFF,?q=branded+foods&nc=as
Tutti Frutti,₹40,25% OFF,?q=branded+foods&nc=as
Banana Chips - Salted,₹100,₹6 OFF,?q=branded+foods&nc=as
"N&D Pumpkin Dog Dry Food For Adult - Lamb & Blueberry, Grain Free, Medium & Maxi Breed",₹10690,₹37 OFF,?q=branded+foods&nc=as
"Classic Gulkand - Promotes Healthy Skin, Natural Cooling Property, Made From Damask Roses",₹270,₹40 OFF,?q=branded+foods&nc=as
Dark Chocolate,₹94,6% OFF,?q=branded+foods&nc=as
Chana Plain Namkeen,₹65,25% OFF,?q=branded+foods&nc=as
Spicy Crispy Murukku,₹82,37% OFF,?q=branded+foods&nc=as
Fulvada Gathia Namkeen,₹60,,?q=branded+foods&nc=as
Barik Sev Namkeen,₹60,,?q=branded+foods&nc=as
Bombay Mixture,₹55,,?q=branded+foods&nc=as
Choco Chips - Milk,₹85,,?q=branded+foods&nc=as
Choco Chips - Dark,₹80,,?q=branded+foods&nc=as
Powder - Rangoli,₹40,,?q=branded+foods&nc=as
Idli Dosa Chutney Powder,₹60,,?q=branded+foods&nc=as
Fryums - Onion Rings,₹35,,?q=branded+foods&nc=as
Green Peas - Salt & Spices,₹55,,?q=branded+foods&nc=as
Jalapeno - Slices,₹333,,?q=branded+foods&nc=as
Cherry,₹60,,?q=branded+foods&nc=as
Dried Blueberries,₹425,,?q=branded+foods&nc=as
"Keto Flour- No Soya, High Fibre & Protein, Lab Tested Low Carb Atta",₹1298,,?q=branded+foods&nc=as
Ultra Low Carb Flour,₹558.87,,?q=branded+foods&nc=as
Salted Crispy Murukku,₹70,,?q=branded+foods&nc=as
Garlic Chutney Powder,₹75,,?q=branded+foods&nc=as
"Jaggery Millet Cookies - Jowar & Almonds, No Preservatives & Additives",₹230,,?q=branded+foods&nc=as
Choco Chips - Mixed,₹85,,?q=branded+foods&nc=as
"Keto South Indian Mixture - High Protein & Fibre, Low Carb Healthy Snack",₹299,,?q=branded+foods&nc=as
Papad - Triangle,₹35,,?q=branded+foods&nc=as
Banana Chips - Masala,₹90,,?q=branded+foods&nc=as
Candy - Amla Salted,₹50,,?q=branded+foods&nc=as
Candy - Imli Sweet & Sour,₹39.48,,?q=branded+foods&nc=as
Milk Chocolate,₹100,,?q=branded+foods&nc=as
Papad - Gold Finger,₹30,,?q=branded+foods&nc=as
"Keto Coconut Cookies - No Added Sugar, High Protein, Low Carb Healthy Snack",₹349,,?q=branded+foods&nc=as
Dried Cranberries,₹149,,?q=branded+foods&nc=as
"Gulkand With Dry Fruits - Delicious, Nutritious, Natural Cooling Property",₹337.5,,?q=branded+foods&nc=as
"Jaggery Millet Cookies - Multigrain, No Maida, No Preservatives & Additives",₹199,,?q=branded+foods&nc=as
"Zahidi Dates - High Fibre, Healthy Snack",₹175,,?q=branded+foods&nc=as
Dry Fruit - Cherry,₹90,,?q=branded+foods&nc=as
Durum Wheat Pasta - Elbow Macaroni,₹132.15,,?q=branded+foods&nc=as
Bengaluru Special Mixture,₹164.99,50% OFF,?q=branded+foods&nc=as
Tutti Frutti,₹40,25% OFF,?q=branded+foods&nc=as
Banana Chips - Salted,₹100,₹6 OFF,?q=branded+foods&nc=as
"N&D Pumpkin Dog Dry Food For Adult - Lamb & Blueberry, Grain Free, Medium & Maxi Breed",₹10690,₹37 OFF,?q=branded+foods&nc=as
"Classic Gulkand - Promotes Healthy Skin, Natural Cooling Property, Made From Damask Roses",₹270,₹40 OFF,?q=branded+foods&nc=as
Dark Chocolate,₹94,6% OFF,?q=branded+foods&nc=as
Chana Plain Namkeen,₹65,25% OFF,?q=branded+foods&nc=as
Spicy Crispy Murukku,₹82,37% OFF,?q=branded+foods&nc=as
Fulvada Gathia Namkeen,₹60,,?q=branded+foods&nc=as
Barik Sev Namkeen,₹60,,?q=branded+foods&nc=as
Bombay Mixture,₹55,,?q=branded+foods&nc=as
Choco Chips - Milk,₹85,,?q=branded+foods&nc=as
Choco Chips - Dark,₹80,,?q=branded+foods&nc=as
Powder - Rangoli,₹40,,?q=branded+foods&nc=as
Idli Dosa Chutney Powder,₹60,,?q=branded+foods&nc=as
Fryums - Onion Rings,₹35,,?q=branded+foods&nc=as
Green Peas - Salt & Spices,₹55,,?q=branded+foods&nc=as
Jalapeno - Slices,₹333,,?q=branded+foods&nc=as
Cherry,₹60,,?q=branded+foods&nc=as
Dried Blueberries,₹425,,?q=branded+foods&nc=as
"Keto Flour- No Soya, High Fibre & Protein, Lab Tested Low Carb Atta",₹1298,,?q=branded+foods&nc=as
Ultra Low Carb Flour,₹558.87,,?q=branded+foods&nc=as
Salted Crispy Murukku,₹70,,?q=branded+foods&nc=as
Garlic Chutney Powder,₹75,,?q=branded+foods&nc=as
"Jaggery Millet Cookies - Jowar & Almonds, No Preservatives & Additives",₹230,,?q=branded+foods&nc=as
Choco Chips - Mixed,₹85,,?q=branded+foods&nc=as
"Keto South Indian Mixture - High Protein & Fibre, Low Carb Healthy Snack",₹299,,?q=branded+foods&nc=as
Papad - Triangle,₹35,,?q=branded+foods&nc=as
Banana Chips - Masala,₹90,,?q=branded+foods&nc=as
Candy - Amla Salted,₹50,,?q=branded+foods&nc=as
Candy - Imli Sweet & Sour,₹39.48,,?q=branded+foods&nc=as
Milk Chocolate,₹100,,?q=branded+foods&nc=as
Papad - Gold Finger,₹30,,?q=branded+foods&nc=as
"Keto Coconut Cookies - No Added Sugar, High Protein, Low Carb Healthy Snack",₹349,,?q=branded+foods&nc=as
Dried Cranberries,₹149,,?q=branded+foods&nc=as
"Gulkand With Dry Fruits - Delicious, Nutritious, Natural Cooling Property",₹337.5,,?q=branded+foods&nc=as
"Jaggery Millet Cookies - Multigrain, No Maida, No Preservatives & Additives",₹199,,?q=branded+foods&nc=as
"Zahidi Dates - High Fibre, Healthy Snack",₹175,,?q=branded+foods&nc=as
Dry Fruit - Cherry,₹90,,?q=branded+foods&nc=as
Durum Wheat Pasta - Elbow Macaroni,₹132.15,,?q=branded+foods&nc=as
"Baby Cream - Extra Soft & Gentle, Paraben Free",₹190,₹10 OFF,?q=baby+care&nc=as
Sebamed Baby Body Lotion |Ph 5.5|Camomile & Allantoin| Dermatalogically tested| Sensitive skin,₹1360,18% OFF,?q=baby+care&nc=as
Sebamed Baby Cleansing Bar |Ph 5.5 | With Panthenol|No tears & Soap Free bar| For Delicate skin,₹500,₹28 OFF,?q=baby+care&nc=as
Sebamed Baby Shampoo |Ph 5.5| Camomile|Natural moisturisers|No tears formula|For delicate scalp,₹1250,23% OFF,?q=baby+care&nc=as
Advansed Baby Nourishing Soap,₹172.2,32% OFF,?q=baby+care&nc=as
Sebamed Baby Rash Cream |Ph 5.5|Panthenol & Wheat Bran|Clinically Tested| For delicate skin,₹540,₹17 OFF,?q=baby+care&nc=as
Sebamed Baby Massage Oil | Contains Soya Oil & Vitamin F |Non greasy | Does not solidify,₹630,₹15 OFF,?q=baby+care&nc=as
"Natural Baby Soap - Shea Butter, Calendula & Oatmeal, pH 5.5, Cleans & Soothes Skin",₹251.1,₹9 OFF,?q=baby+care&nc=as
Olive Oil,₹1628.54,50% OFF,?q=baby+care&nc=as
Gentle Baby Wipes - With Aloe & Indian Lotus,₹478,27% OFF,?q=baby+care&nc=as
Baby Soap,₹327.75,₹8 OFF,?q=baby+care&nc=as
Baby Powder,₹275.5,5% OFF,?q=baby+care&nc=as
Cotton Cosmetic Balls,₹170.05,₹19 OFF,?q=baby+care&nc=as
"Baby Wipes - Fresh, No Paraben, Double Moisturizing",₹396,55% OFF,?q=baby+care&nc=as
No More Tears Baby Shampoo,₹586.56,51% OFF,?q=baby+care&nc=as
Gentle Baby Soap,₹156.75,11% OFF,?q=baby+care&nc=as
Baby Soap - Extra Moisturizing,₹71.25,51% OFF,?q=baby+care&nc=as
Baby Lotion - With Almond & Olive Oil,₹351.5,₹23 OFF,?q=baby+care&nc=as
Baby Soap - Blossoms,₹68,18% OFF,?q=baby+care&nc=as
Baby Wipes - With Aloe,₹136,46% OFF,?q=baby+care&nc=as
Skincare Wipes,₹220.5,₹27 OFF,?q=baby+care&nc=as
"Baby Moments Gentle Body Wash & Shampoo, Oats Extract & Apricot, For Rich Moisturised Skin & Soft Hair",₹599,12% OFF,?q=baby+care&nc=as
Baby Daily Lotion,₹845.5,₹14 OFF,?q=baby+care&nc=as
"Baby Wipes - With Aloe Vera, Jojoba Oil & Vitamin E",₹564.3,12% OFF,?q=baby+care&nc=as
Baby Powder - Paraben Free,₹427.5,27% OFF,?q=baby+care&nc=as
"Baby Shampoo - Gentle Cleansing, 0-5 years",₹163.18,30% OFF,?q=baby+care&nc=as
Baby Soap,₹518.4,₹8 OFF,?q=baby+care&nc=as
Baby Milk Soap - Mildness,₹72,₹20 OFF,?q=baby+care&nc=as
Sebamed Baby Protective Facial Cream |Ph 5.5|Panthenol & Allantoin|Clinically tested,₹851,27% OFF,?q=baby+care&nc=as
Baby Massage Oil - With Olive Oil & Winter Cherry,₹513,18% OFF,?q=baby+care&nc=as
Milky Soft Face Cream For Babies,₹175.12,,?q=baby+care&nc=as
"Baby Hair Oil - With Coconut Oil, Amla & Methi, Paraben Free",₹261.25,,?q=baby+care&nc=as
Baby Shampoo,₹563.2,,?q=baby+care&nc=as
Baby Wash Top-To-Toe,₹609.17,,?q=baby+care&nc=as
Deeply Nourishing Natural Baby Wash,₹87.5,,?q=baby+care&nc=as
Baby Cream,₹182.4,,?q=baby+care&nc=as
"Baby Moments - Shampoo, Calendula & Hibiscus, For Tangle Free Nourished Hair & Scalp",₹229.08,,?q=baby+care&nc=as
Baby Oil With Vitamin E,₹800.25,,?q=baby+care&nc=as
Baby Daily Moisturising Wash & Shampoo,₹795.4,,?q=baby+care&nc=as
Diaper Rash Cream,,,?q=baby+care&nc=as
"Baby Cream - Extra Soft & Gentle, Paraben Free",₹190,₹10 OFF,?q=baby+care&nc=as
Sebamed Baby Body Lotion |Ph 5.5|Camomile & Allantoin| Dermatalogically tested| Sensitive skin,₹1360,18% OFF,?q=baby+care&nc=as
Sebamed Baby Cleansing Bar |Ph 5.5 | With Panthenol|No tears & Soap Free bar| For Delicate skin,₹500,₹28 OFF,?q=baby+care&nc=as
Sebamed Baby Shampoo |Ph 5.5| Camomile|Natural moisturisers|No tears formula|For delicate scalp,₹1250,23% OFF,?q=baby+care&nc=as
Advansed Baby Nourishing Soap,₹172.2,32% OFF,?q=baby+care&nc=as
Sebamed Baby Rash Cream |Ph 5.5|Panthenol & Wheat Bran|Clinically Tested| For delicate skin,₹540,₹17 OFF,?q=baby+care&nc=as
Sebamed Baby Massage Oil | Contains Soya Oil & Vitamin F |Non greasy | Does not solidify,₹630,₹15 OFF,?q=baby+care&nc=as
"Natural Baby Soap - Shea Butter, Calendula & Oatmeal, pH 5.5, Cleans & Soothes Skin",₹251.1,₹9 OFF,?q=baby+care&nc=as
Olive Oil,₹1628.54,50% OFF,?q=baby+care&nc=as
Gentle Baby Wipes - With Aloe & Indian Lotus,₹478,27% OFF,?q=baby+care&nc=as
Baby Soap,₹327.75,₹8 OFF,?q=baby+care&nc=as
Baby Powder,₹275.5,5% OFF,?q=baby+care&nc=as
Cotton Cosmetic Balls,₹170.05,₹19 OFF,?q=baby+care&nc=as
"Baby Wipes - Fresh, No Paraben, Double Moisturizing",₹396,55% OFF,?q=baby+care&nc=as
No More Tears Baby Shampoo,₹586.56,51% OFF,?q=baby+care&nc=as
Gentle Baby Soap,₹156.75,11% OFF,?q=baby+care&nc=as
Baby Soap - Extra Moisturizing,₹71.25,51% OFF,?q=baby+care&nc=as
Baby Lotion - With Almond & Olive Oil,₹351.5,₹23 OFF,?q=baby+care&nc=as
Baby Soap - Blossoms,₹68,18% OFF,?q=baby+care&nc=as
Baby Wipes - With Aloe,₹136,46% OFF,?q=baby+care&nc=as
Skincare Wipes,₹220.5,₹27 OFF,?q=baby+care&nc=as
"Baby Moments Gentle Body Wash & Shampoo, Oats Extract & Apricot, For Rich Moisturised Skin & Soft Hair",₹599,12% OFF,?q=baby+care&nc=as
Baby Daily Lotion,₹845.5,₹14 OFF,?q=baby+care&nc=as
"Baby Wipes - With Aloe Vera, Jojoba Oil & Vitamin E",₹564.3,12% OFF,?q=baby+care&nc=as
Baby Powder - Paraben Free,₹427.5,27% OFF,?q=baby+care&nc=as
"Baby Shampoo - Gentle Cleansing, 0-5 years",₹163.18,30% OFF,?q=baby+care&nc=as
Baby Soap,₹518.4,₹8 OFF,?q=baby+care&nc=as
Baby Milk Soap - Mildness,₹72,₹20 OFF,?q=baby+care&nc=as
Sebamed Baby Protective Facial Cream |Ph 5.5|Panthenol & Allantoin|Clinically tested,₹851,27% OFF,?q=baby+care&nc=as
Baby Massage Oil - With Olive Oil & Winter Cherry,₹513,18% OFF,?q=baby+care&nc=as
Milky Soft Face Cream For Babies,₹175.12,₹19 OFF,?q=baby+care&nc=as
"Baby Hair Oil - With Coconut Oil, Amla & Methi, Paraben Free",₹261.25,20% OFF,?q=baby+care&nc=as
Baby Shampoo,₹563.2,35% OFF,?q=baby+care&nc=as
Baby Wash Top-To-Toe,₹609.17,55% OFF,?q=baby+care&nc=as
Deeply Nourishing Natural Baby Wash,₹87.5,28% OFF,?q=baby+care&nc=as
Baby Cream,₹182.4,51% OFF,?q=baby+care&nc=as
"Baby Moments - Shampoo, Calendula & Hibiscus, For Tangle Free Nourished Hair & Scalp",₹229.08,12% OFF,?q=baby+care&nc=as
Baby Oil With Vitamin E,₹800.25,₹30 OFF,?q=baby+care&nc=as
Baby Daily Moisturising Wash & Shampoo,₹795.4,35% OFF,?q=baby+care&nc=as
Diaper Rash Cream,₹975,11% OFF,?q=baby+care&nc=as
"Gold Follow Up Infant Formula Powder - From 6 To 12 Months, Stage 2",₹499,22% OFF,?q=baby+care&nc=as
100% Natural Nut Powder - No Added Sugar Or Preservatives,₹2397,51% OFF,?q=baby+care&nc=as
Stage 1 - Infant Formula,₹351.5,₹74 OFF,?q=baby+care&nc=as
Baby Lotion - With Almond & Olive Oil,₹68,12% OFF,?q=baby+care&nc=as
Baby Soap - Blossoms,₹191.2,₹23 OFF,?q=baby+care&nc=as
"Kids Toothpaste - 3-5 years, Natural Strawberry Flavour, 0% Artificial",₹1879,20% OFF,?q=baby+care&nc=as
"Baby Diaper - Pants, Large, 9-14 kg, Soft Cotton, Soaks up to 12 Hours",₹136,18% OFF,?q=baby+care&nc=as
Baby Wipes - With Aloe,₹1292,20% OFF,?q=baby+care&nc=as
"Baby Diaper - Pants, Medium, 7-12 kg, Soft Cotton, Soaks up to 12 Hours",₹220.5,46% OFF,?q=baby+care&nc=as
Skincare Wipes,₹599,₹18 OFF,?q=baby+care&nc=as
"Baby Moments Gentle Body Wash & Shampoo, Oats Extract & Apricot, For Rich Moisturised Skin & Soft Hair",₹158.4,45% OFF,?q=baby+care&nc=as
"Kids Batman Toothpaste - 6+ Years, Bubble Fruit Flavour",₹565.25,10% OFF,?q=baby+care&nc=as
Mother's Plus Vanilla Flavoured Nutrition - For Pregnancy & Lactation,₹9900,12% OFF,?q=baby+care&nc=as
"4 Follow-Up Formula Powder - After 18 Months, Up To 24 Months, Stage 4",₹1885,12% OFF,?q=baby+care&nc=as
"All-Round Protection Diaper Pants - M, 7-12 kg, Anti-Rash, Ultra Absorb, Leakage Prevention for upto 12 Hours",₹845.5,₹27 OFF,?q=baby+care&nc=as
Baby Daily Lotion,₹2031.12,₹124 OFF,?q=baby+care&nc=as
Specialist Skin Care Oil,₹564.3,,?q=baby+care&nc=as
"Baby Wipes - With Aloe Vera, Jojoba Oil & Vitamin E",₹3624.04,,?q=baby+care&nc=as
Active Baby Diapers - Medium,₹110,,?q=baby+care&nc=as
"Kids Toothpaste - 6+ Years, Strawberry Flavour, Barbie",₹427.5,,?q=baby+care&nc=as
Baby Powder - Paraben Free,₹159.5,,?q=baby+care&nc=as
Pants Extra Absorb - Medium,₹599,,?q=baby+care&nc=as
"Sensitive Baby Laundry Detergent - Delicate Flowers, Removes Tough Stains & Odour",₹89,,?q=baby+care&nc=as
Toothbrush - For Kids,₹163.18,,?q=baby+care&nc=as
"Baby Shampoo - Gentle Cleansing, 0-5 years",₹799.5,,?q=baby+care&nc=as
Pants Extra Absorb  Extra Large,₹650,,?q=baby+care&nc=as
"Cerelac - Wheat Rice Mixed Fruit, Stage 3",₹518.4,,?q=baby+care&nc=as
Baby Soap,₹60,,?q=baby+care&nc=as
Lollipop Tongue Cleaner For Kids - Blue,₹879.06,,?q=baby+care&nc=as
"Sprouted Ragi Powder, 100% Natural Ragi/Nachni, No Sugar, No Salt, No Milk",₹460,,?q=baby+care&nc=as
"Follow-up Formula Powder - Stage 2, After 6 Months, Contains Nutrients",₹72,,?q=baby+care&nc=as
Baby Milk Soap - Mildness,₹491.5,,?q=baby+care&nc=as
"Baby Diaper Pants - L, With Wetness Indicator & 12 Hours Absorption",₹80.1,,?q=baby+care&nc=as
Kids 5+ Years Minion Toothbrush - Extra Soft Bristles With Tongue Cleaner,₹851,,?q=baby+care&nc=as
Sebamed Baby Protective Facial Cream |Ph 5.5|Panthenol & Allantoin|Clinically tested,₹219.12,,?q=baby+care&nc=as
Natural Mosquito Repellent Patches,₹351.12,,?q=baby+care&nc=as
"All-Round Protection Diaper Pants - L, 9-14 kg, Anti",₹349,,?q=baby+care&nc=as
"Strawberry Cereal - No Sugar, Instant Healthy Cereal With Ragi, Rice & Milk",₹513,,?q=baby+care&nc=as
Baby Massage Oil - With Olive Oil & Winter Cherry,₹1274,,?q=baby+care&nc=as
"Wonder Diaper Pants - Xtra Large, 12-17 Kg",,,?q=baby+care&nc=as
